t,semana,iso_anio,iso_semana,sku,familia,formato_g,canal,pedidos_cajas,despachos_cajas,precio_clp_caja,promo,fiestas_patrias,semana_santa,planta_cerrada
1,2023-03-06,2023,10,DUR-480,DUR,480,Retail,1456.0,1456.0,21500.0,0,0,0,0
2,2023-03-13,2023,11,DUR-480,DUR,480,Retail,1126.0,1126.0,21514.0,0,0,0,0
3,2023-03-20,2023,12,DUR-480,DUR,480,Retail,1234.0,1234.0,21528.0,0,0,0,0
4,2023-03-27,2023,13,DUR-480,DUR,480,Retail,1452.0,1452.0,21543.0,0,0,0,0
5,2023-04-03,2023,14,DUR-480,DUR,480,Retail,1209.0,1209.0,21557.0,0,0,1,0
6,2023-04-10,2023,15,DUR-480,DUR,480,Retail,1379.0,1379.0,21571.0,0,0,0,0
7,2023-04-17,2023,16,DUR-480,DUR,480,Retail,1175.0,1175.0,21586.0,0,0,0,0
8,2023-04-24,2023,17,DUR-480,DUR,480,Retail,1305.0,1305.0,21600.0,0,0,0,0
9,2023-05-01,2023,18,DUR-480,DUR,480,Retail,1360.0,1360.0,17724.0,1,0,0,0
10,2023-05-08,2023,19,DUR-480,DUR,480,Retail,934.0,934.0,21628.0,0,0,0,0
11,2023-05-15,2023,20,DUR-480,DUR,480,Retail,1083.0,1083.0,21643.0,0,0,0,0
12,2023-05-22,2023,21,DUR-480,DUR,480,Retail,926.0,926.0,21657.0,0,0,0,0
13,2023-05-29,2023,22,DUR-480,DUR,480,Retail,1108.0,1108.0,21671.0,0,0,0,0
14,2023-06-05,2023,23,DUR-480,DUR,480,Retail,1222.0,1222.0,21686.0,0,0,0,0
15,2023-06-12,2023,24,DUR-480,DUR,480,Retail,758.0,758.0,21700.0,0,0,0,0
16,2023-06-19,2023,25,DUR-480,DUR,480,Retail,1307.0,1307.0,17806.0,1,0,0,0
17,2023-06-26,2023,26,DUR-480,DUR,480,Retail,855.0,855.0,21729.0,0,0,0,0
18,2023-07-03,2023,27,DUR-480,DUR,480,Retail,989.0,989.0,21743.0,0,0,0,0
19,2023-07-10,2023,28,DUR-480,DUR,480,Retail,1012.0,1012.0,21758.0,0,0,0,0
20,2023-07-17,2023,29,DUR-480,DUR,480,Retail,977.0,977.0,21772.0,0,0,0,0
21,2023-07-24,2023,30,DUR-480,DUR,480,Retail,1253.0,1253.0,21786.0,0,0,0,0
22,2023-07-31,2023,31,DUR-480,DUR,480,Retail,905.0,905.0,21801.0,0,0,0,0
23,2023-08-07,2023,32,DUR-480,DUR,480,Retail,1046.0,1046.0,21815.0,0,0,0,0
24,2023-08-14,2023,33,DUR-480,DUR,480,Retail,1194.0,1194.0,21830.0,0,0,0,0
25,2023-08-21,2023,34,DUR-480,DUR,480,Retail,1398.0,1398.0,21844.0,0,0,0,0
26,2023-08-28,2023,35,DUR-480,DUR,480,Retail,1495.0,1495.0,21859.0,0,0,0,0
27,2023-09-04,2023,36,DUR-480,DUR,480,Retail,1323.0,1323.0,21873.0,0,0,0,0
28,2023-09-11,2023,37,DUR-480,DUR,480,Retail,1318.0,1318.0,21887.0,0,0,0,0
29,2023-09-18,2023,38,DUR-480,DUR,480,Retail,3876.0,2363.0,17960.0,1,1,0,0
30,2023-09-25,2023,39,DUR-480,DUR,480,Retail,1097.0,1097.0,21916.0,0,0,0,0
31,2023-10-02,2023,40,DUR-480,DUR,480,Retail,1307.0,1307.0,21931.0,0,0,0,0
32,2023-10-09,2023,41,DUR-480,DUR,480,Retail,1863.0,1863.0,21945.0,0,0,0,0
33,2023-10-16,2023,42,DUR-480,DUR,480,Retail,1656.0,1656.0,21960.0,0,0,0,0
34,2023-10-23,2023,43,DUR-480,DUR,480,Retail,1644.0,1644.0,21975.0,0,0,0,0
35,2023-10-30,2023,44,DUR-480,DUR,480,Retail,1644.0,1644.0,21989.0,0,0,0,0
36,2023-11-06,2023,45,DUR-480,DUR,480,Retail,1771.0,1771.0,22004.0,0,0,0,0
37,2023-11-13,2023,46,DUR-480,DUR,480,Retail,1660.0,1660.0,22018.0,0,0,0,0
38,2023-11-20,2023,47,DUR-480,DUR,480,Retail,1873.0,1873.0,22033.0,0,0,0,0
39,2023-11-27,2023,48,DUR-480,DUR,480,Retail,1550.0,1550.0,22047.0,0,0,0,0
40,2023-12-04,2023,49,DUR-480,DUR,480,Retail,1866.0,1866.0,22062.0,0,0,0,0
41,2023-12-11,2023,50,DUR-480,DUR,480,Retail,1434.0,1434.0,22077.0,0,0,0,0
42,2023-12-18,2023,51,DUR-480,DUR,480,Retail,1762.0,1762.0,22091.0,0,0,0,0
43,2023-12-25,2023,52,DUR-480,DUR,480,Retail,1376.0,1376.0,22106.0,0,0,0,0
44,2024-01-01,2024,1,DUR-480,DUR,480,Retail,2270.0,2270.0,22120.0,0,0,0,0
45,2024-01-08,2024,2,DUR-480,DUR,480,Retail,1540.0,1540.0,22135.0,0,0,0,0
46,2024-01-15,2024,3,DUR-480,DUR,480,Retail,1570.0,1570.0,22150.0,0,0,0,0
47,2024-01-22,2024,4,DUR-480,DUR,480,Retail,1565.0,1565.0,22164.0,0,0,0,0
48,2024-01-29,2024,5,DUR-480,DUR,480,Retail,1615.0,0.0,22179.0,0,0,0,1
49,2024-02-05,2024,6,DUR-480,DUR,480,Retail,2475.0,0.0,22194.0,0,0,0,1
50,2024-02-12,2024,7,DUR-480,DUR,480,Retail,3068.0,2334.0,22208.0,0,0,0,0
51,2024-02-19,2024,8,DUR-480,DUR,480,Retail,1458.0,1458.0,22223.0,0,0,0,0
52,2024-02-26,2024,9,DUR-480,DUR,480,Retail,2121.0,2121.0,18235.0,1,0,0,0
53,2024-03-04,2024,10,DUR-480,DUR,480,Retail,1179.0,1179.0,22252.0,0,0,0,0
54,2024-03-11,2024,11,DUR-480,DUR,480,Retail,1502.0,1502.0,22267.0,0,0,0,0
55,2024-03-18,2024,12,DUR-480,DUR,480,Retail,976.0,976.0,22282.0,0,0,0,0
56,2024-03-25,2024,13,DUR-480,DUR,480,Retail,1232.0,1232.0,22297.0,0,0,1,0
57,2024-04-01,2024,14,DUR-480,DUR,480,Retail,1178.0,1178.0,22311.0,0,0,0,0
58,2024-04-08,2024,15,DUR-480,DUR,480,Retail,1020.0,1020.0,22326.0,0,0,0,0
59,2024-04-15,2024,16,DUR-480,DUR,480,Retail,1079.0,1079.0,22341.0,0,0,0,0
60,2024-04-22,2024,17,DUR-480,DUR,480,Retail,1001.0,1001.0,22356.0,0,0,0,0
61,2024-04-29,2024,18,DUR-480,DUR,480,Retail,890.0,890.0,22371.0,0,0,0,0
62,2024-05-06,2024,19,DUR-480,DUR,480,Retail,865.0,865.0,22385.0,0,0,0,0
63,2024-05-13,2024,20,DUR-480,DUR,480,Retail,1550.0,1550.0,18368.0,1,0,0,0
64,2024-05-20,2024,21,DUR-480,DUR,480,Retail,792.0,792.0,22415.0,0,0,0,0
65,2024-05-27,2024,22,DUR-480,DUR,480,Retail,1048.0,1048.0,22430.0,0,0,0,0
66,2024-06-03,2024,23,DUR-480,DUR,480,Retail,1511.0,1511.0,18405.0,1,0,0,0
67,2024-06-10,2024,24,DUR-480,DUR,480,Retail,828.0,828.0,22460.0,0,0,0,0
68,2024-06-17,2024,25,DUR-480,DUR,480,Retail,933.0,933.0,22474.0,0,0,0,0
69,2024-06-24,2024,26,DUR-480,DUR,480,Retail,1035.0,1035.0,22489.0,0,0,0,0
70,2024-07-01,2024,27,DUR-480,DUR,480,Retail,990.0,990.0,22504.0,0,0,0,0
71,2024-07-08,2024,28,DUR-480,DUR,480,Retail,934.0,934.0,22519.0,0,0,0,0
72,2024-07-15,2024,29,DUR-480,DUR,480,Retail,962.0,962.0,22534.0,0,0,0,0
73,2024-07-22,2024,30,DUR-480,DUR,480,Retail,1723.0,1723.0,18490.0,1,0,0,0
74,2024-07-29,2024,31,DUR-480,DUR,480,Retail,981.0,981.0,22564.0,0,0,0,0
75,2024-08-05,2024,32,DUR-480,DUR,480,Retail,1038.0,1038.0,22579.0,0,0,0,0
76,2024-08-12,2024,33,DUR-480,DUR,480,Retail,874.0,874.0,22594.0,0,0,0,0
77,2024-08-19,2024,34,DUR-480,DUR,480,Retail,1328.0,1328.0,22609.0,0,0,0,0
78,2024-08-26,2024,35,DUR-480,DUR,480,Retail,1111.0,1111.0,22624.0,0,0,0,0
79,2024-09-02,2024,36,DUR-480,DUR,480,Retail,1365.0,1365.0,22639.0,0,0,0,0
80,2024-09-09,2024,37,DUR-480,DUR,480,Retail,1434.0,1434.0,22654.0,0,0,0,0
81,2024-09-16,2024,38,DUR-480,DUR,480,Retail,2008.0,2008.0,22669.0,0,1,0,0
82,2024-09-23,2024,39,DUR-480,DUR,480,Retail,2513.0,2291.0,18601.0,1,0,0,0
83,2024-09-30,2024,40,DUR-480,DUR,480,Retail,1042.0,1042.0,22699.0,0,0,0,0
84,2024-10-07,2024,41,DUR-480,DUR,480,Retail,1392.0,1392.0,22714.0,0,0,0,0
85,2024-10-14,2024,42,DUR-480,DUR,480,Retail,1692.0,1692.0,22729.0,0,0,0,0
86,2024-10-21,2024,43,DUR-480,DUR,480,Retail,1800.0,1800.0,22744.0,0,0,0,0
87,2024-10-28,2024,44,DUR-480,DUR,480,Retail,1489.0,1489.0,22759.0,0,0,0,0
88,2024-11-04,2024,45,DUR-480,DUR,480,Retail,1479.0,1479.0,22774.0,0,0,0,0
89,2024-11-11,2024,46,DUR-480,DUR,480,Retail,1531.0,1531.0,22789.0,0,0,0,0
90,2024-11-18,2024,47,DUR-480,DUR,480,Retail,2182.0,2182.0,18699.0,1,0,0,0
91,2024-11-25,2024,48,DUR-480,DUR,480,Retail,1682.0,1682.0,22819.0,0,0,0,0
92,2024-12-02,2024,49,DUR-480,DUR,480,Retail,1777.0,1777.0,22834.0,0,0,0,0
93,2024-12-09,2024,50,DUR-480,DUR,480,Retail,1692.0,1692.0,22849.0,0,0,0,0
94,2024-12-16,2024,51,DUR-480,DUR,480,Retail,1762.0,1762.0,22864.0,0,0,0,0
95,2024-12-23,2024,52,DUR-480,DUR,480,Retail,2478.0,2274.0,18761.0,1,0,0,0
96,2024-12-30,2025,1,DUR-480,DUR,480,Retail,1407.0,1407.0,22895.0,0,0,0,0
97,2025-01-06,2025,2,DUR-480,DUR,480,Retail,1335.0,1335.0,22910.0,0,0,0,0
98,2025-01-13,2025,3,DUR-480,DUR,480,Retail,1366.0,1366.0,22925.0,0,0,0,0
99,2025-01-20,2025,4,DUR-480,DUR,480,Retail,1521.0,1521.0,22940.0,0,0,0,0
100,2025-01-27,2025,5,DUR-480,DUR,480,Retail,1583.0,0.0,22955.0,0,0,0,1
101,2025-02-03,2025,6,DUR-480,DUR,480,Retail,2433.0,0.0,22970.0,0,0,0,1
102,2025-02-10,2025,7,DUR-480,DUR,480,Retail,2804.0,2264.0,22986.0,0,0,0,0
103,2025-02-17,2025,8,DUR-480,DUR,480,Retail,1229.0,1229.0,23001.0,0,0,0,0
104,2025-02-24,2025,9,DUR-480,DUR,480,Retail,1541.0,1541.0,23016.0,0,0,0,0
105,2025-03-03,2025,10,DUR-480,DUR,480,Retail,1200.0,1200.0,23031.0,0,0,0,0
106,2025-03-10,2025,11,DUR-480,DUR,480,Retail,1359.0,1359.0,23047.0,0,0,0,0
107,2025-03-17,2025,12,DUR-480,DUR,480,Retail,1469.0,1469.0,23062.0,0,0,0,0
108,2025-03-24,2025,13,DUR-480,DUR,480,Retail,1317.0,1317.0,23077.0,0,0,0,0
109,2025-03-31,2025,14,DUR-480,DUR,480,Retail,1034.0,1034.0,23092.0,0,0,0,0
110,2025-04-07,2025,15,DUR-480,DUR,480,Retail,2156.0,2156.0,18948.0,1,0,0,0
111,2025-04-14,2025,16,DUR-480,DUR,480,Retail,801.0,801.0,23123.0,0,0,1,0
112,2025-04-21,2025,17,DUR-480,DUR,480,Retail,1079.0,1079.0,23138.0,0,0,0,0
113,2025-04-28,2025,18,DUR-480,DUR,480,Retail,1078.0,1078.0,23154.0,0,0,0,0
114,2025-05-05,2025,19,DUR-480,DUR,480,Retail,1017.0,1017.0,23169.0,0,0,0,0
115,2025-05-12,2025,20,DUR-480,DUR,480,Retail,1034.0,1034.0,23184.0,0,0,0,0
116,2025-05-19,2025,21,DUR-480,DUR,480,Retail,825.0,825.0,23200.0,0,0,0,0
117,2025-05-26,2025,22,DUR-480,DUR,480,Retail,1669.0,1669.0,19036.0,1,0,0,0
118,2025-06-02,2025,23,DUR-480,DUR,480,Retail,874.0,874.0,23230.0,0,0,0,0
119,2025-06-09,2025,24,DUR-480,DUR,480,Retail,889.0,889.0,23246.0,0,0,0,0
120,2025-06-16,2025,25,DUR-480,DUR,480,Retail,905.0,905.0,23261.0,0,0,0,0
121,2025-06-23,2025,26,DUR-480,DUR,480,Retail,925.0,925.0,23276.0,0,0,0,0
122,2025-06-30,2025,27,DUR-480,DUR,480,Retail,1437.0,1437.0,19099.0,1,0,0,0
123,2025-07-07,2025,28,DUR-480,DUR,480,Retail,660.0,660.0,23307.0,0,0,0,0
124,2025-07-14,2025,29,DUR-480,DUR,480,Retail,1031.0,1031.0,23323.0,0,0,0,0
125,2025-07-21,2025,30,DUR-480,DUR,480,Retail,1066.0,1066.0,23338.0,0,0,0,0
126,2025-07-28,2025,31,DUR-480,DUR,480,Retail,914.0,914.0,23354.0,0,0,0,0
127,2025-08-04,2025,32,DUR-480,DUR,480,Retail,1315.0,1315.0,23369.0,0,0,0,0
128,2025-08-11,2025,33,DUR-480,DUR,480,Retail,1136.0,1136.0,23384.0,0,0,0,0
129,2025-08-18,2025,34,DUR-480,DUR,480,Retail,1259.0,1259.0,23400.0,0,0,0,0
130,2025-08-25,2025,35,DUR-480,DUR,480,Retail,1291.0,1291.0,23415.0,0,0,0,0
131,2025-09-01,2025,36,DUR-480,DUR,480,Retail,1423.0,1423.0,23431.0,0,0,0,0
132,2025-09-08,2025,37,DUR-480,DUR,480,Retail,1534.0,1534.0,23446.0,0,0,0,0
133,2025-09-15,2025,38,DUR-480,DUR,480,Retail,1762.0,1762.0,23462.0,0,1,0,0
134,2025-09-22,2025,39,DUR-480,DUR,480,Retail,1688.0,1688.0,19252.0,1,0,0,0
135,2025-09-29,2025,40,DUR-480,DUR,480,Retail,1182.0,1182.0,23493.0,0,0,0,0
136,2025-10-06,2025,41,DUR-480,DUR,480,Retail,1624.0,1624.0,23509.0,0,0,0,0
137,2025-10-13,2025,42,DUR-480,DUR,480,Retail,1380.0,1380.0,23524.0,0,0,0,0
138,2025-10-20,2025,43,DUR-480,DUR,480,Retail,1917.0,1917.0,23540.0,0,0,0,0
139,2025-10-27,2025,44,DUR-480,DUR,480,Retail,3189.0,2216.0,19315.0,1,0,0,0
140,2025-11-03,2025,45,DUR-480,DUR,480,Retail,1633.0,1633.0,23571.0,0,0,0,0
141,2025-11-10,2025,46,DUR-480,DUR,480,Retail,1669.0,1669.0,23586.0,0,0,0,0
142,2025-11-17,2025,47,DUR-480,DUR,480,Retail,1586.0,1586.0,23602.0,0,0,0,0
143,2025-11-24,2025,48,DUR-480,DUR,480,Retail,2043.0,2043.0,23618.0,0,0,0,0
144,2025-12-01,2025,49,DUR-480,DUR,480,Retail,2679.0,2209.0,19379.0,1,0,0,0
145,2025-12-08,2025,50,DUR-480,DUR,480,Retail,1292.0,1292.0,23649.0,0,0,0,0
146,2025-12-15,2025,51,DUR-480,DUR,480,Retail,1939.0,1939.0,23665.0,0,0,0,0
147,2025-12-22,2025,52,DUR-480,DUR,480,Retail,3000.0,2205.0,19418.0,1,0,0,0
148,2025-12-29,2026,1,DUR-480,DUR,480,Retail,1304.0,1304.0,23696.0,0,0,0,0
149,2026-01-05,2026,2,DUR-480,DUR,480,Retail,1249.0,1249.0,23712.0,0,0,0,0
150,2026-01-12,2026,3,DUR-480,DUR,480,Retail,1788.0,1788.0,23727.0,0,0,0,0
151,2026-01-19,2026,4,DUR-480,DUR,480,Retail,1590.0,1590.0,23743.0,0,0,0,0
152,2026-01-26,2026,5,DUR-480,DUR,480,Retail,1398.0,0.0,23759.0,0,0,0,1
153,2026-02-02,2026,6,DUR-480,DUR,480,Retail,2065.0,0.0,23774.0,0,0,0,1
154,2026-02-09,2026,7,DUR-480,DUR,480,Retail,2462.0,2196.0,23790.0,0,0,0,0
155,2026-02-16,2026,8,DUR-480,DUR,480,Retail,1910.0,1910.0,23806.0,0,0,0,0
156,2026-02-23,2026,9,DUR-480,DUR,480,Retail,1244.0,1244.0,23822.0,0,0,0,0
157,2026-03-02,2026,10,DUR-480,DUR,480,Retail,1352.0,1352.0,23837.0,0,0,0,0
158,2026-03-09,2026,11,DUR-480,DUR,480,Retail,1228.0,1228.0,23853.0,0,0,0,0
159,2026-03-16,2026,12,DUR-480,DUR,480,Retail,1523.0,1523.0,23869.0,0,0,0,0
160,2026-03-23,2026,13,DUR-480,DUR,480,Retail,993.0,993.0,23885.0,0,0,0,0
161,2026-03-30,2026,14,DUR-480,DUR,480,Retail,991.0,991.0,23901.0,0,0,1,0
162,2026-04-06,2026,15,DUR-480,DUR,480,Retail,1203.0,1203.0,23916.0,0,0,0,0
163,2026-04-13,2026,16,DUR-480,DUR,480,Retail,1162.0,1162.0,23932.0,0,0,0,0
164,2026-04-20,2026,17,DUR-480,DUR,480,Retail,832.0,832.0,23948.0,0,0,0,0
165,2026-04-27,2026,18,DUR-480,DUR,480,Retail,1011.0,1011.0,23964.0,0,0,0,0
166,2026-05-04,2026,19,DUR-480,DUR,480,Retail,1066.0,1066.0,23980.0,0,0,0,0
167,2026-05-11,2026,20,DUR-480,DUR,480,Retail,1019.0,1019.0,23996.0,0,0,0,0
168,2026-05-18,2026,21,DUR-480,DUR,480,Retail,1239.0,1239.0,24012.0,0,0,0,0
169,2026-05-25,2026,22,DUR-480,DUR,480,Retail,743.0,743.0,24027.0,0,0,0,0
170,2026-06-01,2026,23,DUR-480,DUR,480,Retail,941.0,941.0,24043.0,0,0,0,0
171,2026-06-08,2026,24,DUR-480,DUR,480,Retail,770.0,770.0,24059.0,0,0,0,0
172,2026-06-15,2026,25,DUR-480,DUR,480,Retail,1221.0,1221.0,19742.0,1,0,0,0
173,2026-06-22,2026,26,DUR-480,DUR,480,Retail,924.0,924.0,24091.0,0,0,0,0
174,2026-06-29,2026,27,DUR-480,DUR,480,Retail,838.0,838.0,24107.0,0,0,0,0
175,2026-07-06,2026,28,DUR-480,DUR,480,Retail,772.0,772.0,24123.0,0,0,0,0
176,2026-07-13,2026,29,DUR-480,DUR,480,Retail,714.0,714.0,24139.0,0,0,0,0
177,2026-07-20,2026,30,DUR-480,DUR,480,Retail,1711.0,1711.0,19807.0,1,0,0,0
178,2026-07-27,2026,31,DUR-480,DUR,480,Retail,906.0,906.0,24171.0,0,0,0,0
179,2026-08-03,2026,32,DUR-480,DUR,480,Retail,985.0,985.0,24187.0,0,0,0,0
180,2026-08-10,2026,33,DUR-480,DUR,480,Retail,1069.0,1069.0,24203.0,0,0,0,0
181,2026-08-17,2026,34,DUR-480,DUR,480,Retail,1027.0,1027.0,24219.0,0,0,0,0
182,2026-08-24,2026,35,DUR-480,DUR,480,Retail,2192.0,2161.0,19873.0,1,0,0,0
1,2023-03-06,2023,10,DUR-820,DUR,820,Retail,610.0,610.0,31800.0,0,0,0,0
2,2023-03-13,2023,11,DUR-820,DUR,820,Retail,562.0,562.0,31821.0,0,0,0,0
3,2023-03-20,2023,12,DUR-820,DUR,820,Retail,644.0,644.0,31842.0,0,0,0,0
4,2023-03-27,2023,13,DUR-820,DUR,820,Retail,551.0,551.0,31863.0,0,0,0,0
5,2023-04-03,2023,14,DUR-820,DUR,820,Retail,713.0,713.0,31884.0,0,0,1,0
6,2023-04-10,2023,15,DUR-820,DUR,820,Retail,500.0,500.0,31905.0,0,0,0,0
7,2023-04-17,2023,16,DUR-820,DUR,820,Retail,469.0,469.0,31926.0,0,0,0,0
8,2023-04-24,2023,17,DUR-820,DUR,820,Retail,445.0,445.0,31948.0,0,0,0,0
9,2023-05-01,2023,18,DUR-820,DUR,820,Retail,765.0,765.0,26214.0,1,0,0,0
10,2023-05-08,2023,19,DUR-820,DUR,820,Retail,337.0,337.0,31990.0,0,0,0,0
11,2023-05-15,2023,20,DUR-820,DUR,820,Retail,456.0,456.0,32011.0,0,0,0,0
12,2023-05-22,2023,21,DUR-820,DUR,820,Retail,399.0,399.0,32032.0,0,0,0,0
13,2023-05-29,2023,22,DUR-820,DUR,820,Retail,359.0,359.0,32053.0,0,0,0,0
14,2023-06-05,2023,23,DUR-820,DUR,820,Retail,404.0,404.0,32075.0,0,0,0,0
15,2023-06-12,2023,24,DUR-820,DUR,820,Retail,396.0,396.0,32096.0,0,0,0,0
16,2023-06-19,2023,25,DUR-820,DUR,820,Retail,384.0,384.0,32117.0,0,0,0,0
17,2023-06-26,2023,26,DUR-820,DUR,820,Retail,368.0,368.0,32138.0,0,0,0,0
18,2023-07-03,2023,27,DUR-820,DUR,820,Retail,397.0,397.0,32160.0,0,0,0,0
19,2023-07-10,2023,28,DUR-820,DUR,820,Retail,379.0,379.0,32181.0,0,0,0,0
20,2023-07-17,2023,29,DUR-820,DUR,820,Retail,427.0,427.0,32202.0,0,0,0,0
21,2023-07-24,2023,30,DUR-820,DUR,820,Retail,422.0,422.0,32224.0,0,0,0,0
22,2023-07-31,2023,31,DUR-820,DUR,820,Retail,538.0,538.0,32245.0,0,0,0,0
23,2023-08-07,2023,32,DUR-820,DUR,820,Retail,474.0,474.0,32266.0,0,0,0,0
24,2023-08-14,2023,33,DUR-820,DUR,820,Retail,496.0,496.0,32288.0,0,0,0,0
25,2023-08-21,2023,34,DUR-820,DUR,820,Retail,452.0,452.0,32309.0,0,0,0,0
26,2023-08-28,2023,35,DUR-820,DUR,820,Retail,504.0,504.0,32330.0,0,0,0,0
27,2023-09-04,2023,36,DUR-820,DUR,820,Retail,668.0,668.0,32352.0,0,0,0,0
28,2023-09-11,2023,37,DUR-820,DUR,820,Retail,650.0,650.0,32373.0,0,0,0,0
29,2023-09-18,2023,38,DUR-820,DUR,820,Retail,662.0,662.0,32395.0,0,1,0,0
30,2023-09-25,2023,39,DUR-820,DUR,820,Retail,477.0,477.0,32416.0,0,0,0,0
31,2023-10-02,2023,40,DUR-820,DUR,820,Retail,597.0,597.0,32437.0,0,0,0,0
32,2023-10-09,2023,41,DUR-820,DUR,820,Retail,617.0,617.0,32459.0,0,0,0,0
33,2023-10-16,2023,42,DUR-820,DUR,820,Retail,592.0,592.0,32480.0,0,0,0,0
34,2023-10-23,2023,43,DUR-820,DUR,820,Retail,462.0,462.0,32502.0,0,0,0,0
35,2023-10-30,2023,44,DUR-820,DUR,820,Retail,712.0,712.0,32523.0,0,0,0,0
36,2023-11-06,2023,45,DUR-820,DUR,820,Retail,653.0,653.0,32545.0,0,0,0,0
37,2023-11-13,2023,46,DUR-820,DUR,820,Retail,564.0,564.0,32566.0,0,0,0,0
38,2023-11-20,2023,47,DUR-820,DUR,820,Retail,535.0,535.0,32588.0,0,0,0,0
39,2023-11-27,2023,48,DUR-820,DUR,820,Retail,722.0,722.0,32610.0,0,0,0,0
40,2023-12-04,2023,49,DUR-820,DUR,820,Retail,681.0,681.0,32631.0,0,0,0,0
41,2023-12-11,2023,50,DUR-820,DUR,820,Retail,698.0,698.0,32653.0,0,0,0,0
42,2023-12-18,2023,51,DUR-820,DUR,820,Retail,687.0,687.0,32674.0,0,0,0,0
43,2023-12-25,2023,52,DUR-820,DUR,820,Retail,769.0,769.0,32696.0,0,0,0,0
44,2024-01-01,2024,1,DUR-820,DUR,820,Retail,965.0,875.0,26828.0,1,0,0,0
45,2024-01-08,2024,2,DUR-820,DUR,820,Retail,559.0,559.0,32739.0,0,0,0,0
46,2024-01-15,2024,3,DUR-820,DUR,820,Retail,695.0,695.0,32761.0,0,0,0,0
47,2024-01-22,2024,4,DUR-820,DUR,820,Retail,458.0,458.0,32783.0,0,0,0,0
48,2024-01-29,2024,5,DUR-820,DUR,820,Retail,607.0,0.0,32804.0,0,0,0,1
49,2024-02-05,2024,6,DUR-820,DUR,820,Retail,990.0,0.0,32826.0,0,0,0,1
50,2024-02-12,2024,7,DUR-820,DUR,820,Retail,1160.0,852.0,32848.0,0,0,0,0
51,2024-02-19,2024,8,DUR-820,DUR,820,Retail,811.0,811.0,26953.0,1,0,0,0
52,2024-02-26,2024,9,DUR-820,DUR,820,Retail,504.0,504.0,32891.0,0,0,0,0
53,2024-03-04,2024,10,DUR-820,DUR,820,Retail,459.0,459.0,32913.0,0,0,0,0
54,2024-03-11,2024,11,DUR-820,DUR,820,Retail,426.0,426.0,32935.0,0,0,0,0
55,2024-03-18,2024,12,DUR-820,DUR,820,Retail,433.0,433.0,32957.0,0,0,0,0
56,2024-03-25,2024,13,DUR-820,DUR,820,Retail,441.0,441.0,32978.0,0,0,1,0
57,2024-04-01,2024,14,DUR-820,DUR,820,Retail,754.0,754.0,27060.0,1,0,0,0
58,2024-04-08,2024,15,DUR-820,DUR,820,Retail,322.0,322.0,33022.0,0,0,0,0
59,2024-04-15,2024,16,DUR-820,DUR,820,Retail,399.0,399.0,33044.0,0,0,0,0
60,2024-04-22,2024,17,DUR-820,DUR,820,Retail,373.0,373.0,33066.0,0,0,0,0
61,2024-04-29,2024,18,DUR-820,DUR,820,Retail,487.0,487.0,33088.0,0,0,0,0
62,2024-05-06,2024,19,DUR-820,DUR,820,Retail,616.0,616.0,27150.0,1,0,0,0
63,2024-05-13,2024,20,DUR-820,DUR,820,Retail,255.0,255.0,33131.0,0,0,0,0
64,2024-05-20,2024,21,DUR-820,DUR,820,Retail,354.0,354.0,33153.0,0,0,0,0
65,2024-05-27,2024,22,DUR-820,DUR,820,Retail,331.0,331.0,33175.0,0,0,0,0
66,2024-06-03,2024,23,DUR-820,DUR,820,Retail,326.0,326.0,33197.0,0,0,0,0
67,2024-06-10,2024,24,DUR-820,DUR,820,Retail,270.0,270.0,33219.0,0,0,0,0
68,2024-06-17,2024,25,DUR-820,DUR,820,Retail,345.0,345.0,33241.0,0,0,0,0
69,2024-06-24,2024,26,DUR-820,DUR,820,Retail,420.0,420.0,33263.0,0,0,0,0
70,2024-07-01,2024,27,DUR-820,DUR,820,Retail,292.0,292.0,33285.0,0,0,0,0
71,2024-07-08,2024,28,DUR-820,DUR,820,Retail,436.0,436.0,33307.0,0,0,0,0
72,2024-07-15,2024,29,DUR-820,DUR,820,Retail,379.0,379.0,33329.0,0,0,0,0
73,2024-07-22,2024,30,DUR-820,DUR,820,Retail,461.0,461.0,27348.0,1,0,0,0
74,2024-07-29,2024,31,DUR-820,DUR,820,Retail,342.0,342.0,33373.0,0,0,0,0
75,2024-08-05,2024,32,DUR-820,DUR,820,Retail,386.0,386.0,33396.0,0,0,0,0
76,2024-08-12,2024,33,DUR-820,DUR,820,Retail,378.0,378.0,33418.0,0,0,0,0
77,2024-08-19,2024,34,DUR-820,DUR,820,Retail,386.0,386.0,33440.0,0,0,0,0
78,2024-08-26,2024,35,DUR-820,DUR,820,Retail,344.0,344.0,33462.0,0,0,0,0
79,2024-09-02,2024,36,DUR-820,DUR,820,Retail,476.0,476.0,33484.0,0,0,0,0
80,2024-09-09,2024,37,DUR-820,DUR,820,Retail,500.0,500.0,33506.0,0,0,0,0
81,2024-09-16,2024,38,DUR-820,DUR,820,Retail,661.0,661.0,33528.0,0,1,0,0
82,2024-09-23,2024,39,DUR-820,DUR,820,Retail,631.0,631.0,33551.0,0,0,0,0
83,2024-09-30,2024,40,DUR-820,DUR,820,Retail,581.0,581.0,33573.0,0,0,0,0
84,2024-10-07,2024,41,DUR-820,DUR,820,Retail,415.0,415.0,33595.0,0,0,0,0
85,2024-10-14,2024,42,DUR-820,DUR,820,Retail,516.0,516.0,33617.0,0,0,0,0
86,2024-10-21,2024,43,DUR-820,DUR,820,Retail,559.0,559.0,33639.0,0,0,0,0
87,2024-10-28,2024,44,DUR-820,DUR,820,Retail,557.0,557.0,33662.0,0,0,0,0
88,2024-11-04,2024,45,DUR-820,DUR,820,Retail,579.0,579.0,33684.0,0,0,0,0
89,2024-11-11,2024,46,DUR-820,DUR,820,Retail,399.0,399.0,33706.0,0,0,0,0
90,2024-11-18,2024,47,DUR-820,DUR,820,Retail,962.0,711.0,27657.0,1,0,0,0
91,2024-11-25,2024,48,DUR-820,DUR,820,Retail,447.0,447.0,33751.0,0,0,0,0
92,2024-12-02,2024,49,DUR-820,DUR,820,Retail,518.0,518.0,33773.0,0,0,0,0
93,2024-12-09,2024,50,DUR-820,DUR,820,Retail,614.0,614.0,33796.0,0,0,0,0
94,2024-12-16,2024,51,DUR-820,DUR,820,Retail,573.0,573.0,33818.0,0,0,0,0
95,2024-12-23,2024,52,DUR-820,DUR,820,Retail,809.0,695.0,27749.0,1,0,0,0
96,2024-12-30,2025,1,DUR-820,DUR,820,Retail,465.0,465.0,33863.0,0,0,0,0
97,2025-01-06,2025,2,DUR-820,DUR,820,Retail,528.0,528.0,33885.0,0,0,0,0
98,2025-01-13,2025,3,DUR-820,DUR,820,Retail,588.0,588.0,33908.0,0,0,0,0
99,2025-01-20,2025,4,DUR-820,DUR,820,Retail,677.0,677.0,27823.0,1,0,0,0
100,2025-01-27,2025,5,DUR-820,DUR,820,Retail,385.0,0.0,33952.0,0,0,0,1
101,2025-02-03,2025,6,DUR-820,DUR,820,Retail,717.0,0.0,33975.0,0,0,0,1
102,2025-02-10,2025,7,DUR-820,DUR,820,Retail,1019.0,673.0,27878.0,1,0,0,0
103,2025-02-17,2025,8,DUR-820,DUR,820,Retail,354.0,354.0,34020.0,0,0,0,0
104,2025-02-24,2025,9,DUR-820,DUR,820,Retail,376.0,376.0,34042.0,0,0,0,0
105,2025-03-03,2025,10,DUR-820,DUR,820,Retail,339.0,339.0,34065.0,0,0,0,0
106,2025-03-10,2025,11,DUR-820,DUR,820,Retail,392.0,392.0,34087.0,0,0,0,0
107,2025-03-17,2025,12,DUR-820,DUR,820,Retail,430.0,430.0,34110.0,0,0,0,0
108,2025-03-24,2025,13,DUR-820,DUR,820,Retail,310.0,310.0,34133.0,0,0,0,0
109,2025-03-31,2025,14,DUR-820,DUR,820,Retail,316.0,316.0,34155.0,0,0,0,0
110,2025-04-07,2025,15,DUR-820,DUR,820,Retail,389.0,389.0,34178.0,0,0,0,0
111,2025-04-14,2025,16,DUR-820,DUR,820,Retail,336.0,336.0,34200.0,0,0,1,0
112,2025-04-21,2025,17,DUR-820,DUR,820,Retail,318.0,318.0,34223.0,0,0,0,0
113,2025-04-28,2025,18,DUR-820,DUR,820,Retail,303.0,303.0,34246.0,0,0,0,0
114,2025-05-05,2025,19,DUR-820,DUR,820,Retail,310.0,310.0,34268.0,0,0,0,0
115,2025-05-12,2025,20,DUR-820,DUR,820,Retail,304.0,304.0,34291.0,0,0,0,0
116,2025-05-19,2025,21,DUR-820,DUR,820,Retail,245.0,245.0,34314.0,0,0,0,0
117,2025-05-26,2025,22,DUR-820,DUR,820,Retail,278.0,278.0,34336.0,0,0,0,0
118,2025-06-02,2025,23,DUR-820,DUR,820,Retail,494.0,494.0,28175.0,1,0,0,0
119,2025-06-09,2025,24,DUR-820,DUR,820,Retail,208.0,208.0,34382.0,0,0,0,0
120,2025-06-16,2025,25,DUR-820,DUR,820,Retail,197.0,197.0,34405.0,0,0,0,0
121,2025-06-23,2025,26,DUR-820,DUR,820,Retail,239.0,239.0,34427.0,0,0,0,0
122,2025-06-30,2025,27,DUR-820,DUR,820,Retail,279.0,279.0,34450.0,0,0,0,0
123,2025-07-07,2025,28,DUR-820,DUR,820,Retail,211.0,211.0,34473.0,0,0,0,0
124,2025-07-14,2025,29,DUR-820,DUR,820,Retail,241.0,241.0,34496.0,0,0,0,0
125,2025-07-21,2025,30,DUR-820,DUR,820,Retail,274.0,274.0,34519.0,0,0,0,0
126,2025-07-28,2025,31,DUR-820,DUR,820,Retail,447.0,447.0,28324.0,1,0,0,0
127,2025-08-04,2025,32,DUR-820,DUR,820,Retail,214.0,214.0,34564.0,0,0,0,0
128,2025-08-11,2025,33,DUR-820,DUR,820,Retail,326.0,326.0,34587.0,0,0,0,0
129,2025-08-18,2025,34,DUR-820,DUR,820,Retail,354.0,354.0,34610.0,0,0,0,0
130,2025-08-25,2025,35,DUR-820,DUR,820,Retail,335.0,335.0,34633.0,0,0,0,0
131,2025-09-01,2025,36,DUR-820,DUR,820,Retail,316.0,316.0,34656.0,0,0,0,0
132,2025-09-08,2025,37,DUR-820,DUR,820,Retail,389.0,389.0,34679.0,0,0,0,0
133,2025-09-15,2025,38,DUR-820,DUR,820,Retail,495.0,495.0,34702.0,0,1,0,0
134,2025-09-22,2025,39,DUR-820,DUR,820,Retail,372.0,372.0,34725.0,0,0,0,0
135,2025-09-29,2025,40,DUR-820,DUR,820,Retail,366.0,366.0,34748.0,0,0,0,0
136,2025-10-06,2025,41,DUR-820,DUR,820,Retail,321.0,321.0,34771.0,0,0,0,0
137,2025-10-13,2025,42,DUR-820,DUR,820,Retail,431.0,431.0,34794.0,0,0,0,0
138,2025-10-20,2025,43,DUR-820,DUR,820,Retail,380.0,380.0,34817.0,0,0,0,0
139,2025-10-27,2025,44,DUR-820,DUR,820,Retail,373.0,373.0,34840.0,0,0,0,0
140,2025-11-03,2025,45,DUR-820,DUR,820,Retail,504.0,504.0,34863.0,0,0,0,0
141,2025-11-10,2025,46,DUR-820,DUR,820,Retail,411.0,411.0,34886.0,0,0,0,0
142,2025-11-17,2025,47,DUR-820,DUR,820,Retail,821.0,561.0,28625.0,1,0,0,0
143,2025-11-24,2025,48,DUR-820,DUR,820,Retail,387.0,387.0,34932.0,0,0,0,0
144,2025-12-01,2025,49,DUR-820,DUR,820,Retail,404.0,404.0,34955.0,0,0,0,0
145,2025-12-08,2025,50,DUR-820,DUR,820,Retail,443.0,443.0,34978.0,0,0,0,0
146,2025-12-15,2025,51,DUR-820,DUR,820,Retail,440.0,440.0,35002.0,0,0,0,0
147,2025-12-22,2025,52,DUR-820,DUR,820,Retail,326.0,326.0,35025.0,0,0,0,0
148,2025-12-29,2026,1,DUR-820,DUR,820,Retail,427.0,427.0,35048.0,0,0,0,0
149,2026-01-05,2026,2,DUR-820,DUR,820,Retail,349.0,349.0,35071.0,0,0,0,0
150,2026-01-12,2026,3,DUR-820,DUR,820,Retail,383.0,383.0,35094.0,0,0,0,0
151,2026-01-19,2026,4,DUR-820,DUR,820,Retail,350.0,350.0,35118.0,0,0,0,0
152,2026-01-26,2026,5,DUR-820,DUR,820,Retail,428.0,0.0,35141.0,0,0,0,1
153,2026-02-02,2026,6,DUR-820,DUR,820,Retail,649.0,0.0,35164.0,0,0,0,1
154,2026-02-09,2026,7,DUR-820,DUR,820,Retail,738.0,532.0,35187.0,0,0,0,0
155,2026-02-16,2026,8,DUR-820,DUR,820,Retail,314.0,314.0,35211.0,0,0,0,0
156,2026-02-23,2026,9,DUR-820,DUR,820,Retail,373.0,373.0,35234.0,0,0,0,0
157,2026-03-02,2026,10,DUR-820,DUR,820,Retail,374.0,374.0,35257.0,0,0,0,0
158,2026-03-09,2026,11,DUR-820,DUR,820,Retail,332.0,332.0,35281.0,0,0,0,0
159,2026-03-16,2026,12,DUR-820,DUR,820,Retail,266.0,266.0,35304.0,0,0,0,0
160,2026-03-23,2026,13,DUR-820,DUR,820,Retail,272.0,272.0,35327.0,0,0,0,0
161,2026-03-30,2026,14,DUR-820,DUR,820,Retail,208.0,208.0,35351.0,0,0,1,0
162,2026-04-06,2026,15,DUR-820,DUR,820,Retail,229.0,229.0,35374.0,0,0,0,0
163,2026-04-13,2026,16,DUR-820,DUR,820,Retail,456.0,456.0,29026.0,1,0,0,0
164,2026-04-20,2026,17,DUR-820,DUR,820,Retail,212.0,212.0,35421.0,0,0,0,0
165,2026-04-27,2026,18,DUR-820,DUR,820,Retail,235.0,235.0,35444.0,0,0,0,0
166,2026-05-04,2026,19,DUR-820,DUR,820,Retail,228.0,228.0,35468.0,0,0,0,0
167,2026-05-11,2026,20,DUR-820,DUR,820,Retail,199.0,199.0,35491.0,0,0,0,0
168,2026-05-18,2026,21,DUR-820,DUR,820,Retail,233.0,233.0,35515.0,0,0,0,0
169,2026-05-25,2026,22,DUR-820,DUR,820,Retail,186.0,186.0,35538.0,0,0,0,0
170,2026-06-01,2026,23,DUR-820,DUR,820,Retail,158.0,158.0,35562.0,0,0,0,0
171,2026-06-08,2026,24,DUR-820,DUR,820,Retail,212.0,212.0,35585.0,0,0,0,0
172,2026-06-15,2026,25,DUR-820,DUR,820,Retail,166.0,166.0,35609.0,0,0,0,0
173,2026-06-22,2026,26,DUR-820,DUR,820,Retail,191.0,191.0,35632.0,0,0,0,0
174,2026-06-29,2026,27,DUR-820,DUR,820,Retail,212.0,212.0,35656.0,0,0,0,0
175,2026-07-06,2026,28,DUR-820,DUR,820,Retail,160.0,160.0,35680.0,0,0,0,0
176,2026-07-13,2026,29,DUR-820,DUR,820,Retail,218.0,218.0,35703.0,0,0,0,0
177,2026-07-20,2026,30,DUR-820,DUR,820,Retail,205.0,205.0,35727.0,0,0,0,0
178,2026-07-27,2026,31,DUR-820,DUR,820,Retail,271.0,271.0,35750.0,0,0,0,0
179,2026-08-03,2026,32,DUR-820,DUR,820,Retail,245.0,245.0,35774.0,0,0,0,0
180,2026-08-10,2026,33,DUR-820,DUR,820,Retail,263.0,263.0,35798.0,0,0,0,0
181,2026-08-17,2026,34,DUR-820,DUR,820,Retail,194.0,194.0,35821.0,0,0,0,0
182,2026-08-24,2026,35,DUR-820,DUR,820,Retail,230.0,230.0,35845.0,0,0,0,0
1,2023-03-06,2023,10,TOM-480,TOM,480,Retail,3556.0,3382.0,12218.0,1,0,0,0
2,2023-03-13,2023,11,TOM-480,TOM,480,Retail,1996.0,1996.0,14910.0,0,0,0,0
3,2023-03-20,2023,12,TOM-480,TOM,480,Retail,1748.0,1748.0,14920.0,0,0,0,0
4,2023-03-27,2023,13,TOM-480,TOM,480,Retail,2258.0,2258.0,14930.0,0,0,0,0
5,2023-04-03,2023,14,TOM-480,TOM,480,Retail,2376.0,2376.0,14939.0,0,0,1,0
6,2023-04-10,2023,15,TOM-480,TOM,480,Retail,2619.0,2619.0,14949.0,0,0,0,0
7,2023-04-17,2023,16,TOM-480,TOM,480,Retail,3771.0,3405.0,12267.0,1,0,0,0
8,2023-04-24,2023,17,TOM-480,TOM,480,Retail,1822.0,1822.0,14969.0,0,0,0,0
9,2023-05-01,2023,18,TOM-480,TOM,480,Retail,2288.0,2288.0,14979.0,0,0,0,0
10,2023-05-08,2023,19,TOM-480,TOM,480,Retail,2059.0,2059.0,14989.0,0,0,0,0
11,2023-05-15,2023,20,TOM-480,TOM,480,Retail,2822.0,2822.0,14999.0,0,0,0,0
12,2023-05-22,2023,21,TOM-480,TOM,480,Retail,3148.0,3148.0,15009.0,0,0,0,0
13,2023-05-29,2023,22,TOM-480,TOM,480,Retail,3100.0,3100.0,15019.0,0,0,0,0
14,2023-06-05,2023,23,TOM-480,TOM,480,Retail,5973.0,3431.0,12324.0,1,0,0,0
15,2023-06-12,2023,24,TOM-480,TOM,480,Retail,2685.0,2685.0,15039.0,0,0,0,0
16,2023-06-19,2023,25,TOM-480,TOM,480,Retail,2434.0,2434.0,15049.0,0,0,0,0
17,2023-06-26,2023,26,TOM-480,TOM,480,Retail,2632.0,2632.0,15059.0,0,0,0,0
18,2023-07-03,2023,27,TOM-480,TOM,480,Retail,3155.0,3155.0,15069.0,0,0,0,0
19,2023-07-10,2023,28,TOM-480,TOM,480,Retail,1927.0,1927.0,15078.0,0,0,0,0
20,2023-07-17,2023,29,TOM-480,TOM,480,Retail,3425.0,3425.0,15088.0,0,0,0,0
21,2023-07-24,2023,30,TOM-480,TOM,480,Retail,2240.0,2240.0,15098.0,0,0,0,0
22,2023-07-31,2023,31,TOM-480,TOM,480,Retail,2382.0,2382.0,15108.0,0,0,0,0
23,2023-08-07,2023,32,TOM-480,TOM,480,Retail,2189.0,2189.0,15118.0,0,0,0,0
24,2023-08-14,2023,33,TOM-480,TOM,480,Retail,2451.0,2451.0,15128.0,0,0,0,0
25,2023-08-21,2023,34,TOM-480,TOM,480,Retail,2459.0,2459.0,15138.0,0,0,0,0
26,2023-08-28,2023,35,TOM-480,TOM,480,Retail,2282.0,2282.0,15148.0,0,0,0,0
27,2023-09-04,2023,36,TOM-480,TOM,480,Retail,2208.0,2208.0,15159.0,0,0,0,0
28,2023-09-11,2023,37,TOM-480,TOM,480,Retail,3469.0,3469.0,12438.0,1,0,0,0
29,2023-09-18,2023,38,TOM-480,TOM,480,Retail,2936.0,2936.0,15179.0,0,1,0,0
30,2023-09-25,2023,39,TOM-480,TOM,480,Retail,2033.0,2033.0,15189.0,0,0,0,0
31,2023-10-02,2023,40,TOM-480,TOM,480,Retail,1784.0,1784.0,15199.0,0,0,0,0
32,2023-10-09,2023,41,TOM-480,TOM,480,Retail,2472.0,2472.0,15209.0,0,0,0,0
33,2023-10-16,2023,42,TOM-480,TOM,480,Retail,1742.0,1742.0,15219.0,0,0,0,0
34,2023-10-23,2023,43,TOM-480,TOM,480,Retail,1849.0,1849.0,15229.0,0,0,0,0
35,2023-10-30,2023,44,TOM-480,TOM,480,Retail,1519.0,1519.0,15239.0,0,0,0,0
36,2023-11-06,2023,45,TOM-480,TOM,480,Retail,1803.0,1803.0,15249.0,0,0,0,0
37,2023-11-13,2023,46,TOM-480,TOM,480,Retail,1641.0,1641.0,15259.0,0,0,0,0
38,2023-11-20,2023,47,TOM-480,TOM,480,Retail,1698.0,1698.0,15269.0,0,0,0,0
39,2023-11-27,2023,48,TOM-480,TOM,480,Retail,1755.0,1755.0,15279.0,0,0,0,0
40,2023-12-04,2023,49,TOM-480,TOM,480,Retail,1671.0,1671.0,15289.0,0,0,0,0
41,2023-12-11,2023,50,TOM-480,TOM,480,Retail,1709.0,1709.0,15300.0,0,0,0,0
42,2023-12-18,2023,51,TOM-480,TOM,480,Retail,1797.0,1797.0,15310.0,0,0,0,0
43,2023-12-25,2023,52,TOM-480,TOM,480,Retail,2026.0,2026.0,15320.0,0,0,0,0
44,2024-01-01,2024,1,TOM-480,TOM,480,Retail,1809.0,1809.0,15330.0,0,0,0,0
45,2024-01-08,2024,2,TOM-480,TOM,480,Retail,2731.0,2731.0,12579.0,1,0,0,0
46,2024-01-15,2024,3,TOM-480,TOM,480,Retail,1412.0,1412.0,15350.0,0,0,0,0
47,2024-01-22,2024,4,TOM-480,TOM,480,Retail,2169.0,2169.0,15360.0,0,0,0,0
48,2024-01-29,2024,5,TOM-480,TOM,480,Retail,1450.0,0.0,15371.0,0,0,0,1
49,2024-02-05,2024,6,TOM-480,TOM,480,Retail,2834.0,0.0,15381.0,0,0,0,1
50,2024-02-12,2024,7,TOM-480,TOM,480,Retail,3654.0,3573.0,15391.0,0,0,0,0
51,2024-02-19,2024,8,TOM-480,TOM,480,Retail,4162.0,3577.0,12629.0,1,0,0,0
52,2024-02-26,2024,9,TOM-480,TOM,480,Retail,1920.0,1920.0,15411.0,0,0,0,0
53,2024-03-04,2024,10,TOM-480,TOM,480,Retail,2455.0,2455.0,15421.0,0,0,0,0
54,2024-03-11,2024,11,TOM-480,TOM,480,Retail,1985.0,1985.0,15432.0,0,0,0,0
55,2024-03-18,2024,12,TOM-480,TOM,480,Retail,1942.0,1942.0,15442.0,0,0,0,0
56,2024-03-25,2024,13,TOM-480,TOM,480,Retail,2888.0,2888.0,15452.0,0,0,1,0
57,2024-04-01,2024,14,TOM-480,TOM,480,Retail,2643.0,2643.0,15462.0,0,0,0,0
58,2024-04-08,2024,15,TOM-480,TOM,480,Retail,2516.0,2516.0,15473.0,0,0,0,0
59,2024-04-15,2024,16,TOM-480,TOM,480,Retail,2616.0,2616.0,15483.0,0,0,0,0
60,2024-04-22,2024,17,TOM-480,TOM,480,Retail,3017.0,3017.0,15493.0,0,0,0,0
61,2024-04-29,2024,18,TOM-480,TOM,480,Retail,2780.0,2780.0,15503.0,0,0,0,0
62,2024-05-06,2024,19,TOM-480,TOM,480,Retail,2183.0,2183.0,15514.0,0,0,0,0
63,2024-05-13,2024,20,TOM-480,TOM,480,Retail,2642.0,2642.0,15524.0,0,0,0,0
64,2024-05-20,2024,21,TOM-480,TOM,480,Retail,3062.0,3062.0,15534.0,0,0,0,0
65,2024-05-27,2024,22,TOM-480,TOM,480,Retail,3876.0,3633.0,12746.0,1,0,0,0
66,2024-06-03,2024,23,TOM-480,TOM,480,Retail,2165.0,2165.0,15555.0,0,0,0,0
67,2024-06-10,2024,24,TOM-480,TOM,480,Retail,4198.0,3641.0,12763.0,1,0,0,0
68,2024-06-17,2024,25,TOM-480,TOM,480,Retail,2022.0,2022.0,15575.0,0,0,0,0
69,2024-06-24,2024,26,TOM-480,TOM,480,Retail,4100.0,3650.0,12780.0,1,0,0,0
70,2024-07-01,2024,27,TOM-480,TOM,480,Retail,2365.0,2365.0,15596.0,0,0,0,0
71,2024-07-08,2024,28,TOM-480,TOM,480,Retail,2865.0,2865.0,15606.0,0,0,0,0
72,2024-07-15,2024,29,TOM-480,TOM,480,Retail,4697.0,3662.0,12806.0,1,0,0,0
73,2024-07-22,2024,30,TOM-480,TOM,480,Retail,2085.0,2085.0,15627.0,0,0,0,0
74,2024-07-29,2024,31,TOM-480,TOM,480,Retail,2639.0,2639.0,15637.0,0,0,0,0
75,2024-08-05,2024,32,TOM-480,TOM,480,Retail,2736.0,2736.0,15648.0,0,0,0,0
76,2024-08-12,2024,33,TOM-480,TOM,480,Retail,2441.0,2441.0,15658.0,0,0,0,0
77,2024-08-19,2024,34,TOM-480,TOM,480,Retail,2454.0,2454.0,15668.0,0,0,0,0
78,2024-08-26,2024,35,TOM-480,TOM,480,Retail,2845.0,2845.0,15679.0,0,0,0,0
79,2024-09-02,2024,36,TOM-480,TOM,480,Retail,2787.0,2787.0,15689.0,0,0,0,0
80,2024-09-09,2024,37,TOM-480,TOM,480,Retail,2017.0,2017.0,15699.0,0,0,0,0
81,2024-09-16,2024,38,TOM-480,TOM,480,Retail,2137.0,2137.0,15710.0,0,1,0,0
82,2024-09-23,2024,39,TOM-480,TOM,480,Retail,1902.0,1902.0,15720.0,0,0,0,0
83,2024-09-30,2024,40,TOM-480,TOM,480,Retail,2088.0,2088.0,15731.0,0,0,0,0
84,2024-10-07,2024,41,TOM-480,TOM,480,Retail,2118.0,2118.0,15741.0,0,0,0,0
85,2024-10-14,2024,42,TOM-480,TOM,480,Retail,1826.0,1826.0,15751.0,0,0,0,0
86,2024-10-21,2024,43,TOM-480,TOM,480,Retail,1756.0,1756.0,15762.0,0,0,0,0
87,2024-10-28,2024,44,TOM-480,TOM,480,Retail,40680.0,40680.0,15772.0,0,0,0,0
88,2024-11-04,2024,45,TOM-480,TOM,480,Retail,2613.0,2613.0,12942.0,1,0,0,0
89,2024-11-11,2024,46,TOM-480,TOM,480,Retail,1784.0,1784.0,15793.0,0,0,0,0
90,2024-11-18,2024,47,TOM-480,TOM,480,Retail,1720.0,1720.0,15804.0,0,0,0,0
91,2024-11-25,2024,48,TOM-480,TOM,480,Retail,2145.0,2145.0,15814.0,0,0,0,0
92,2024-12-02,2024,49,TOM-480,TOM,480,Retail,1556.0,1556.0,15825.0,0,0,0,0
93,2024-12-09,2024,50,TOM-480,TOM,480,Retail,1760.0,1760.0,15835.0,0,0,0,0
94,2024-12-16,2024,51,TOM-480,TOM,480,Retail,1514.0,1514.0,15846.0,0,0,0,0
95,2024-12-23,2024,52,TOM-480,TOM,480,Retail,1926.0,1926.0,15856.0,0,0,0,0
96,2024-12-30,2025,1,TOM-480,TOM,480,Retail,2118.0,2118.0,15867.0,0,0,0,0
97,2025-01-06,2025,2,TOM-480,TOM,480,Retail,1840.0,1840.0,15877.0,0,0,0,0
98,2025-01-13,2025,3,TOM-480,TOM,480,Retail,1588.0,1588.0,15888.0,0,0,0,0
99,2025-01-20,2025,4,TOM-480,TOM,480,Retail,3219.0,3219.0,13036.0,1,0,0,0
100,2025-01-27,2025,5,TOM-480,TOM,480,Retail,1387.0,0.0,15909.0,0,0,0,1
101,2025-02-03,2025,6,TOM-480,TOM,480,Retail,3146.0,0.0,15919.0,0,0,0,1
102,2025-02-10,2025,7,TOM-480,TOM,480,Retail,3907.0,3787.0,15930.0,0,0,0,0
103,2025-02-17,2025,8,TOM-480,TOM,480,Retail,2081.0,2081.0,15940.0,0,0,0,0
104,2025-02-24,2025,9,TOM-480,TOM,480,Retail,4350.0,3796.0,13080.0,1,0,0,0
105,2025-03-03,2025,10,TOM-480,TOM,480,Retail,2050.0,2050.0,15961.0,0,0,0,0
106,2025-03-10,2025,11,TOM-480,TOM,480,Retail,3010.0,3010.0,15972.0,0,0,0,0
107,2025-03-17,2025,12,TOM-480,TOM,480,Retail,2887.0,2887.0,15982.0,0,0,0,0
108,2025-03-24,2025,13,TOM-480,TOM,480,Retail,1884.0,1884.0,15993.0,0,0,0,0
109,2025-03-31,2025,14,TOM-480,TOM,480,Retail,4453.0,3817.0,13123.0,1,0,0,0
110,2025-04-07,2025,15,TOM-480,TOM,480,Retail,2610.0,2610.0,16014.0,0,0,0,0
111,2025-04-14,2025,16,TOM-480,TOM,480,Retail,3564.0,3564.0,16025.0,0,0,1,0
112,2025-04-21,2025,17,TOM-480,TOM,480,Retail,3162.0,3162.0,16035.0,0,0,0,0
113,2025-04-28,2025,18,TOM-480,TOM,480,Retail,2521.0,2521.0,16046.0,0,0,0,0
114,2025-05-05,2025,19,TOM-480,TOM,480,Retail,4454.0,3838.0,13166.0,1,0,0,0
115,2025-05-12,2025,20,TOM-480,TOM,480,Retail,2490.0,2490.0,16067.0,0,0,0,0
116,2025-05-19,2025,21,TOM-480,TOM,480,Retail,1979.0,1979.0,16078.0,0,0,0,0
117,2025-05-26,2025,22,TOM-480,TOM,480,Retail,5017.0,3851.0,13193.0,1,0,0,0
118,2025-06-02,2025,23,TOM-480,TOM,480,Retail,2404.0,2404.0,16099.0,0,0,0,0
119,2025-06-09,2025,24,TOM-480,TOM,480,Retail,3344.0,3344.0,16110.0,0,0,0,0
120,2025-06-16,2025,25,TOM-480,TOM,480,Retail,3172.0,3172.0,16120.0,0,0,0,0
121,2025-06-23,2025,26,TOM-480,TOM,480,Retail,3794.0,3794.0,16131.0,0,0,0,0
122,2025-06-30,2025,27,TOM-480,TOM,480,Retail,4287.0,4287.0,16142.0,0,0,0,0
123,2025-07-07,2025,28,TOM-480,TOM,480,Retail,6009.0,5234.0,13245.0,1,0,0,0
124,2025-07-14,2025,29,TOM-480,TOM,480,Retail,2791.0,2791.0,16163.0,0,0,0,0
125,2025-07-21,2025,30,TOM-480,TOM,480,Retail,3993.0,3993.0,16174.0,0,0,0,0
126,2025-07-28,2025,31,TOM-480,TOM,480,Retail,2597.0,2597.0,16185.0,0,0,0,0
127,2025-08-04,2025,32,TOM-480,TOM,480,Retail,3167.0,3167.0,16195.0,0,0,0,0
128,2025-08-11,2025,33,TOM-480,TOM,480,Retail,4001.0,4001.0,16206.0,0,0,0,0
129,2025-08-18,2025,34,TOM-480,TOM,480,Retail,3380.0,3380.0,16217.0,0,0,0,0
130,2025-08-25,2025,35,TOM-480,TOM,480,Retail,3672.0,3672.0,16227.0,0,0,0,0
131,2025-09-01,2025,36,TOM-480,TOM,480,Retail,4260.0,4260.0,16238.0,0,0,0,0
132,2025-09-08,2025,37,TOM-480,TOM,480,Retail,4008.0,4008.0,16249.0,0,0,0,0
133,2025-09-15,2025,38,TOM-480,TOM,480,Retail,4127.0,4127.0,16260.0,0,1,0,0
134,2025-09-22,2025,39,TOM-480,TOM,480,Retail,2411.0,2411.0,16270.0,0,0,0,0
135,2025-09-29,2025,40,TOM-480,TOM,480,Retail,3421.0,3421.0,16281.0,0,0,0,0
136,2025-10-06,2025,41,TOM-480,TOM,480,Retail,2829.0,2829.0,16292.0,0,0,0,0
137,2025-10-13,2025,42,TOM-480,TOM,480,Retail,3481.0,3481.0,16303.0,0,0,0,0
138,2025-10-20,2025,43,TOM-480,TOM,480,Retail,2818.0,2818.0,16314.0,0,0,0,0
139,2025-10-27,2025,44,TOM-480,TOM,480,Retail,4677.0,4677.0,13386.0,1,0,0,0
140,2025-11-03,2025,45,TOM-480,TOM,480,Retail,2590.0,2590.0,16335.0,0,0,0,0
141,2025-11-10,2025,46,TOM-480,TOM,480,Retail,2341.0,2341.0,16346.0,0,0,0,0
142,2025-11-17,2025,47,TOM-480,TOM,480,Retail,2387.0,2387.0,16357.0,0,0,0,0
143,2025-11-24,2025,48,TOM-480,TOM,480,Retail,2505.0,2505.0,16368.0,0,0,0,0
144,2025-12-01,2025,49,TOM-480,TOM,480,Retail,2354.0,2354.0,16378.0,0,0,0,0
145,2025-12-08,2025,50,TOM-480,TOM,480,Retail,3034.0,3034.0,16389.0,0,0,0,0
146,2025-12-15,2025,51,TOM-480,TOM,480,Retail,3698.0,3698.0,13448.0,1,0,0,0
147,2025-12-22,2025,52,TOM-480,TOM,480,Retail,2308.0,2308.0,16411.0,0,0,0,0
148,2025-12-29,2026,1,TOM-480,TOM,480,Retail,2486.0,2486.0,16422.0,0,0,0,0
149,2026-01-05,2026,2,TOM-480,TOM,480,Retail,2346.0,2346.0,16433.0,0,0,0,0
150,2026-01-12,2026,3,TOM-480,TOM,480,Retail,2168.0,2168.0,16444.0,0,0,0,0
151,2026-01-19,2026,4,TOM-480,TOM,480,Retail,2634.0,2634.0,16454.0,0,0,0,0
152,2026-01-26,2026,5,TOM-480,TOM,480,Retail,2895.0,0.0,16465.0,0,0,0,1
153,2026-02-02,2026,6,TOM-480,TOM,480,Retail,4821.0,0.0,16476.0,0,0,0,1
154,2026-02-09,2026,7,TOM-480,TOM,480,Retail,8215.0,5419.0,13519.0,1,0,0,0
155,2026-02-16,2026,8,TOM-480,TOM,480,Retail,3080.0,3080.0,16498.0,0,0,0,0
156,2026-02-23,2026,9,TOM-480,TOM,480,Retail,3464.0,3464.0,16509.0,0,0,0,0
157,2026-03-02,2026,10,TOM-480,TOM,480,Retail,2710.0,2710.0,16520.0,0,0,0,0
158,2026-03-09,2026,11,TOM-480,TOM,480,Retail,3000.0,3000.0,16531.0,0,0,0,0
159,2026-03-16,2026,12,TOM-480,TOM,480,Retail,3667.0,3667.0,16542.0,0,0,0,0
160,2026-03-23,2026,13,TOM-480,TOM,480,Retail,5930.0,5456.0,13573.0,1,0,0,0
161,2026-03-30,2026,14,TOM-480,TOM,480,Retail,3486.0,3486.0,16564.0,0,0,1,0
162,2026-04-06,2026,15,TOM-480,TOM,480,Retail,4969.0,4969.0,13591.0,1,0,0,0
163,2026-04-13,2026,16,TOM-480,TOM,480,Retail,2951.0,2951.0,16586.0,0,0,0,0
164,2026-04-20,2026,17,TOM-480,TOM,480,Retail,4542.0,4542.0,16597.0,0,0,0,0
165,2026-04-27,2026,18,TOM-480,TOM,480,Retail,3898.0,3898.0,16608.0,0,0,0,0
166,2026-05-04,2026,19,TOM-480,TOM,480,Retail,4365.0,4365.0,16619.0,0,0,0,0
167,2026-05-11,2026,20,TOM-480,TOM,480,Retail,4010.0,4010.0,16630.0,0,0,0,0
168,2026-05-18,2026,21,TOM-480,TOM,480,Retail,6972.0,5505.0,13645.0,1,0,0,0
169,2026-05-25,2026,22,TOM-480,TOM,480,Retail,3235.0,3235.0,16652.0,0,0,0,0
170,2026-06-01,2026,23,TOM-480,TOM,480,Retail,5224.0,5224.0,16663.0,0,0,0,0
171,2026-06-08,2026,24,TOM-480,TOM,480,Retail,5318.0,5318.0,16674.0,0,0,0,0
172,2026-06-15,2026,25,TOM-480,TOM,480,Retail,4054.0,4054.0,16685.0,0,0,0,0
173,2026-06-22,2026,26,TOM-480,TOM,480,Retail,4796.0,4796.0,16696.0,0,0,0,0
174,2026-06-29,2026,27,TOM-480,TOM,480,Retail,4003.0,4003.0,16707.0,0,0,0,0
175,2026-07-06,2026,28,TOM-480,TOM,480,Retail,4068.0,4068.0,16718.0,0,0,0,0
176,2026-07-13,2026,29,TOM-480,TOM,480,Retail,3912.0,3912.0,16729.0,0,0,0,0
177,2026-07-20,2026,30,TOM-480,TOM,480,Retail,4188.0,4188.0,16740.0,0,0,0,0
178,2026-07-27,2026,31,TOM-480,TOM,480,Retail,3644.0,3644.0,16751.0,0,0,0,0
179,2026-08-03,2026,32,TOM-480,TOM,480,Retail,3438.0,3438.0,16762.0,0,0,0,0
180,2026-08-10,2026,33,TOM-480,TOM,480,Retail,3670.0,3670.0,16773.0,0,0,0,0
181,2026-08-17,2026,34,TOM-480,TOM,480,Retail,3804.0,3804.0,16784.0,0,0,0,0
182,2026-08-24,2026,35,TOM-480,TOM,480,Retail,3623.0,3623.0,16795.0,0,0,0,0
1,2023-03-06,2023,10,TOM-3000,TOM,3000,FoodService,204.0,204.0,52400.0,0,0,0,0
2,2023-03-13,2023,11,TOM-3000,TOM,3000,FoodService,273.0,273.0,52435.0,0,0,0,0
3,2023-03-20,2023,12,TOM-3000,TOM,3000,FoodService,251.0,251.0,52469.0,0,0,0,0
4,2023-03-27,2023,13,TOM-3000,TOM,3000,FoodService,222.0,222.0,52504.0,0,0,0,0
5,2023-04-03,2023,14,TOM-3000,TOM,3000,FoodService,288.0,288.0,52539.0,0,0,1,0
6,2023-04-10,2023,15,TOM-3000,TOM,3000,FoodService,242.0,242.0,52574.0,0,0,0,0
7,2023-04-17,2023,16,TOM-3000,TOM,3000,FoodService,256.0,256.0,52608.0,0,0,0,0
8,2023-04-24,2023,17,TOM-3000,TOM,3000,FoodService,227.0,227.0,52643.0,0,0,0,0
9,2023-05-01,2023,18,TOM-3000,TOM,3000,FoodService,264.0,264.0,52678.0,0,0,0,0
10,2023-05-08,2023,19,TOM-3000,TOM,3000,FoodService,278.0,278.0,52713.0,0,0,0,0
11,2023-05-15,2023,20,TOM-3000,TOM,3000,FoodService,306.0,306.0,52748.0,0,0,0,0
12,2023-05-22,2023,21,TOM-3000,TOM,3000,FoodService,323.0,323.0,52783.0,0,0,0,0
13,2023-05-29,2023,22,TOM-3000,TOM,3000,FoodService,268.0,268.0,52818.0,0,0,0,0
14,2023-06-05,2023,23,TOM-3000,TOM,3000,FoodService,280.0,280.0,52853.0,0,0,0,0
15,2023-06-12,2023,24,TOM-3000,TOM,3000,FoodService,266.0,266.0,52888.0,0,0,0,0
16,2023-06-19,2023,25,TOM-3000,TOM,3000,FoodService,291.0,291.0,52923.0,0,0,0,0
17,2023-06-26,2023,26,TOM-3000,TOM,3000,FoodService,219.0,219.0,52958.0,0,0,0,0
18,2023-07-03,2023,27,TOM-3000,TOM,3000,FoodService,390.0,390.0,52993.0,0,0,0,0
19,2023-07-10,2023,28,TOM-3000,TOM,3000,FoodService,337.0,337.0,53028.0,0,0,0,0
20,2023-07-17,2023,29,TOM-3000,TOM,3000,FoodService,272.0,272.0,53063.0,0,0,0,0
21,2023-07-24,2023,30,TOM-3000,TOM,3000,FoodService,282.0,282.0,53098.0,0,0,0,0
22,2023-07-31,2023,31,TOM-3000,TOM,3000,FoodService,229.0,229.0,53133.0,0,0,0,0
23,2023-08-07,2023,32,TOM-3000,TOM,3000,FoodService,364.0,364.0,53168.0,0,0,0,0
24,2023-08-14,2023,33,TOM-3000,TOM,3000,FoodService,316.0,316.0,53203.0,0,0,0,0
25,2023-08-21,2023,34,TOM-3000,TOM,3000,FoodService,237.0,237.0,53239.0,0,0,0,0
26,2023-08-28,2023,35,TOM-3000,TOM,3000,FoodService,253.0,253.0,53274.0,0,0,0,0
27,2023-09-04,2023,36,TOM-3000,TOM,3000,FoodService,251.0,251.0,53309.0,0,0,0,0
28,2023-09-11,2023,37,TOM-3000,TOM,3000,FoodService,212.0,212.0,53344.0,0,0,0,0
29,2023-09-18,2023,38,TOM-3000,TOM,3000,FoodService,331.0,331.0,53380.0,0,1,0,0
30,2023-09-25,2023,39,TOM-3000,TOM,3000,FoodService,159.0,159.0,53415.0,0,0,0,0
31,2023-10-02,2023,40,TOM-3000,TOM,3000,FoodService,247.0,247.0,53450.0,0,0,0,0
32,2023-10-09,2023,41,TOM-3000,TOM,3000,FoodService,208.0,208.0,53486.0,0,0,0,0
33,2023-10-16,2023,42,TOM-3000,TOM,3000,FoodService,195.0,195.0,53521.0,0,0,0,0
34,2023-10-23,2023,43,TOM-3000,TOM,3000,FoodService,253.0,253.0,53557.0,0,0,0,0
35,2023-10-30,2023,44,TOM-3000,TOM,3000,FoodService,221.0,221.0,53592.0,0,0,0,0
36,2023-11-06,2023,45,TOM-3000,TOM,3000,FoodService,198.0,198.0,53627.0,0,0,0,0
37,2023-11-13,2023,46,TOM-3000,TOM,3000,FoodService,182.0,182.0,53663.0,0,0,0,0
38,2023-11-20,2023,47,TOM-3000,TOM,3000,FoodService,214.0,214.0,53698.0,0,0,0,0
39,2023-11-27,2023,48,TOM-3000,TOM,3000,FoodService,229.0,229.0,53734.0,0,0,0,0
40,2023-12-04,2023,49,TOM-3000,TOM,3000,FoodService,216.0,216.0,53770.0,0,0,0,0
41,2023-12-11,2023,50,TOM-3000,TOM,3000,FoodService,193.0,193.0,53805.0,0,0,0,0
42,2023-12-18,2023,51,TOM-3000,TOM,3000,FoodService,220.0,220.0,53841.0,0,0,0,0
43,2023-12-25,2023,52,TOM-3000,TOM,3000,FoodService,163.0,163.0,53876.0,0,0,0,0
44,2024-01-01,2024,1,TOM-3000,TOM,3000,FoodService,179.0,179.0,53912.0,0,0,0,0
45,2024-01-08,2024,2,TOM-3000,TOM,3000,FoodService,253.0,253.0,53948.0,0,0,0,0
46,2024-01-15,2024,3,TOM-3000,TOM,3000,FoodService,175.0,175.0,53983.0,0,0,0,0
47,2024-01-22,2024,4,TOM-3000,TOM,3000,FoodService,202.0,202.0,54019.0,0,0,0,0
48,2024-01-29,2024,5,TOM-3000,TOM,3000,FoodService,289.0,0.0,54055.0,0,0,0,1
49,2024-02-05,2024,6,TOM-3000,TOM,3000,FoodService,406.0,0.0,54091.0,0,0,0,1
50,2024-02-12,2024,7,TOM-3000,TOM,3000,FoodService,494.0,408.0,54126.0,0,0,0,0
51,2024-02-19,2024,8,TOM-3000,TOM,3000,FoodService,197.0,197.0,54162.0,0,0,0,0
52,2024-02-26,2024,9,TOM-3000,TOM,3000,FoodService,228.0,228.0,54198.0,0,0,0,0
53,2024-03-04,2024,10,TOM-3000,TOM,3000,FoodService,244.0,244.0,54234.0,0,0,0,0
54,2024-03-11,2024,11,TOM-3000,TOM,3000,FoodService,240.0,240.0,54270.0,0,0,0,0
55,2024-03-18,2024,12,TOM-3000,TOM,3000,FoodService,242.0,242.0,54306.0,0,0,0,0
56,2024-03-25,2024,13,TOM-3000,TOM,3000,FoodService,350.0,350.0,54342.0,0,0,1,0
57,2024-04-01,2024,14,TOM-3000,TOM,3000,FoodService,346.0,346.0,54378.0,0,0,0,0
58,2024-04-08,2024,15,TOM-3000,TOM,3000,FoodService,313.0,313.0,54414.0,0,0,0,0
59,2024-04-15,2024,16,TOM-3000,TOM,3000,FoodService,266.0,266.0,54450.0,0,0,0,0
60,2024-04-22,2024,17,TOM-3000,TOM,3000,FoodService,295.0,295.0,54486.0,0,0,0,0
61,2024-04-29,2024,18,TOM-3000,TOM,3000,FoodService,358.0,358.0,54522.0,0,0,0,0
62,2024-05-06,2024,19,TOM-3000,TOM,3000,FoodService,343.0,343.0,54558.0,0,0,0,0
63,2024-05-13,2024,20,TOM-3000,TOM,3000,FoodService,277.0,277.0,54594.0,0,0,0,0
64,2024-05-20,2024,21,TOM-3000,TOM,3000,FoodService,376.0,376.0,54630.0,0,0,0,0
65,2024-05-27,2024,22,TOM-3000,TOM,3000,FoodService,359.0,359.0,54666.0,0,0,0,0
66,2024-06-03,2024,23,TOM-3000,TOM,3000,FoodService,297.0,297.0,54702.0,0,0,0,0
67,2024-06-10,2024,24,TOM-3000,TOM,3000,FoodService,334.0,334.0,54739.0,0,0,0,0
68,2024-06-17,2024,25,TOM-3000,TOM,3000,FoodService,437.0,417.0,54775.0,0,0,0,0
69,2024-06-24,2024,26,TOM-3000,TOM,3000,FoodService,312.0,312.0,54811.0,0,0,0,0
70,2024-07-01,2024,27,TOM-3000,TOM,3000,FoodService,402.0,402.0,54847.0,0,0,0,0
71,2024-07-08,2024,28,TOM-3000,TOM,3000,FoodService,282.0,282.0,54884.0,0,0,0,0
72,2024-07-15,2024,29,TOM-3000,TOM,3000,FoodService,325.0,325.0,54920.0,0,0,0,0
73,2024-07-22,2024,30,TOM-3000,TOM,3000,FoodService,272.0,272.0,54956.0,0,0,0,0
74,2024-07-29,2024,31,TOM-3000,TOM,3000,FoodService,315.0,315.0,54993.0,0,0,0,0
75,2024-08-05,2024,32,TOM-3000,TOM,3000,FoodService,314.0,314.0,55029.0,0,0,0,0
76,2024-08-12,2024,33,TOM-3000,TOM,3000,FoodService,321.0,321.0,55066.0,0,0,0,0
77,2024-08-19,2024,34,TOM-3000,TOM,3000,FoodService,289.0,289.0,55102.0,0,0,0,0
78,2024-08-26,2024,35,TOM-3000,TOM,3000,FoodService,268.0,268.0,55138.0,0,0,0,0
79,2024-09-02,2024,36,TOM-3000,TOM,3000,FoodService,276.0,276.0,55175.0,0,0,0,0
80,2024-09-09,2024,37,TOM-3000,TOM,3000,FoodService,293.0,293.0,55211.0,0,0,0,0
81,2024-09-16,2024,38,TOM-3000,TOM,3000,FoodService,315.0,315.0,55248.0,0,1,0,0
82,2024-09-23,2024,39,TOM-3000,TOM,3000,FoodService,268.0,268.0,55285.0,0,0,0,0
83,2024-09-30,2024,40,TOM-3000,TOM,3000,FoodService,213.0,213.0,55321.0,0,0,0,0
84,2024-10-07,2024,41,TOM-3000,TOM,3000,FoodService,227.0,227.0,55358.0,0,0,0,0
85,2024-10-14,2024,42,TOM-3000,TOM,3000,FoodService,184.0,184.0,55394.0,0,0,0,0
86,2024-10-21,2024,43,TOM-3000,TOM,3000,FoodService,251.0,251.0,55431.0,0,0,0,0
87,2024-10-28,2024,44,TOM-3000,TOM,3000,FoodService,240.0,240.0,55468.0,0,0,0,0
88,2024-11-04,2024,45,TOM-3000,TOM,3000,FoodService,201.0,201.0,55504.0,0,0,0,0
89,2024-11-11,2024,46,TOM-3000,TOM,3000,FoodService,215.0,215.0,55541.0,0,0,0,0
90,2024-11-18,2024,47,TOM-3000,TOM,3000,FoodService,225.0,225.0,55578.0,0,0,0,0
91,2024-11-25,2024,48,TOM-3000,TOM,3000,FoodService,150.0,150.0,55615.0,0,0,0,0
92,2024-12-02,2024,49,TOM-3000,TOM,3000,FoodService,200.0,200.0,55652.0,0,0,0,0
93,2024-12-09,2024,50,TOM-3000,TOM,3000,FoodService,191.0,191.0,55688.0,0,0,0,0
94,2024-12-16,2024,51,TOM-3000,TOM,3000,FoodService,217.0,217.0,55725.0,0,0,0,0
95,2024-12-23,2024,52,TOM-3000,TOM,3000,FoodService,228.0,228.0,55762.0,0,0,0,0
96,2024-12-30,2025,1,TOM-3000,TOM,3000,FoodService,195.0,195.0,55799.0,0,0,0,0
97,2025-01-06,2025,2,TOM-3000,TOM,3000,FoodService,208.0,208.0,55836.0,0,0,0,0
98,2025-01-13,2025,3,TOM-3000,TOM,3000,FoodService,221.0,221.0,55873.0,0,0,0,0
99,2025-01-20,2025,4,TOM-3000,TOM,3000,FoodService,207.0,207.0,55910.0,0,0,0,0
100,2025-01-27,2025,5,TOM-3000,TOM,3000,FoodService,214.0,0.0,55947.0,0,0,0,1
101,2025-02-03,2025,6,TOM-3000,TOM,3000,FoodService,307.0,0.0,55984.0,0,0,0,1
102,2025-02-10,2025,7,TOM-3000,TOM,3000,FoodService,425.0,425.0,56021.0,0,0,0,0
103,2025-02-17,2025,8,TOM-3000,TOM,3000,FoodService,263.0,263.0,56058.0,0,0,0,0
104,2025-02-24,2025,9,TOM-3000,TOM,3000,FoodService,284.0,284.0,56095.0,0,0,0,0
105,2025-03-03,2025,10,TOM-3000,TOM,3000,FoodService,298.0,298.0,56132.0,0,0,0,0
106,2025-03-10,2025,11,TOM-3000,TOM,3000,FoodService,264.0,264.0,56169.0,0,0,0,0
107,2025-03-17,2025,12,TOM-3000,TOM,3000,FoodService,305.0,305.0,56207.0,0,0,0,0
108,2025-03-24,2025,13,TOM-3000,TOM,3000,FoodService,225.0,225.0,56244.0,0,0,0,0
109,2025-03-31,2025,14,TOM-3000,TOM,3000,FoodService,221.0,221.0,56281.0,0,0,0,0
110,2025-04-07,2025,15,TOM-3000,TOM,3000,FoodService,337.0,337.0,56318.0,0,0,0,0
111,2025-04-14,2025,16,TOM-3000,TOM,3000,FoodService,352.0,352.0,56355.0,0,0,1,0
112,2025-04-21,2025,17,TOM-3000,TOM,3000,FoodService,319.0,319.0,56393.0,0,0,0,0
113,2025-04-28,2025,18,TOM-3000,TOM,3000,FoodService,290.0,290.0,56430.0,0,0,0,0
114,2025-05-05,2025,19,TOM-3000,TOM,3000,FoodService,285.0,285.0,56467.0,0,0,0,0
115,2025-05-12,2025,20,TOM-3000,TOM,3000,FoodService,397.0,397.0,56505.0,0,0,0,0
116,2025-05-19,2025,21,TOM-3000,TOM,3000,FoodService,389.0,389.0,56542.0,0,0,0,0
117,2025-05-26,2025,22,TOM-3000,TOM,3000,FoodService,270.0,270.0,56580.0,0,0,0,0
118,2025-06-02,2025,23,TOM-3000,TOM,3000,FoodService,360.0,360.0,56617.0,0,0,0,0
119,2025-06-09,2025,24,TOM-3000,TOM,3000,FoodService,349.0,349.0,56654.0,0,0,0,0
120,2025-06-16,2025,25,TOM-3000,TOM,3000,FoodService,514.0,514.0,56692.0,0,0,0,0
121,2025-06-23,2025,26,TOM-3000,TOM,3000,FoodService,490.0,490.0,56730.0,0,0,0,0
122,2025-06-30,2025,27,TOM-3000,TOM,3000,FoodService,508.0,508.0,56767.0,0,0,0,0
123,2025-07-07,2025,28,TOM-3000,TOM,3000,FoodService,469.0,469.0,56805.0,0,0,0,0
124,2025-07-14,2025,29,TOM-3000,TOM,3000,FoodService,468.0,468.0,56842.0,0,0,0,0
125,2025-07-21,2025,30,TOM-3000,TOM,3000,FoodService,530.0,530.0,56880.0,0,0,0,0
126,2025-07-28,2025,31,TOM-3000,TOM,3000,FoodService,451.0,451.0,56917.0,0,0,0,0
127,2025-08-04,2025,32,TOM-3000,TOM,3000,FoodService,369.0,369.0,56955.0,0,0,0,0
128,2025-08-11,2025,33,TOM-3000,TOM,3000,FoodService,406.0,406.0,56993.0,0,0,0,0
129,2025-08-18,2025,34,TOM-3000,TOM,3000,FoodService,405.0,405.0,57031.0,0,0,0,0
130,2025-08-25,2025,35,TOM-3000,TOM,3000,FoodService,448.0,448.0,57068.0,0,0,0,0
131,2025-09-01,2025,36,TOM-3000,TOM,3000,FoodService,364.0,364.0,57106.0,0,0,0,0
132,2025-09-08,2025,37,TOM-3000,TOM,3000,FoodService,369.0,369.0,57144.0,0,0,0,0
133,2025-09-15,2025,38,TOM-3000,TOM,3000,FoodService,397.0,397.0,57182.0,0,1,0,0
134,2025-09-22,2025,39,TOM-3000,TOM,3000,FoodService,341.0,341.0,57220.0,0,0,0,0
135,2025-09-29,2025,40,TOM-3000,TOM,3000,FoodService,420.0,420.0,57257.0,0,0,0,0
136,2025-10-06,2025,41,TOM-3000,TOM,3000,FoodService,343.0,343.0,57295.0,0,0,0,0
137,2025-10-13,2025,42,TOM-3000,TOM,3000,FoodService,330.0,330.0,57333.0,0,0,0,0
138,2025-10-20,2025,43,TOM-3000,TOM,3000,FoodService,346.0,346.0,57371.0,0,0,0,0
139,2025-10-27,2025,44,TOM-3000,TOM,3000,FoodService,265.0,265.0,57409.0,0,0,0,0
140,2025-11-03,2025,45,TOM-3000,TOM,3000,FoodService,267.0,267.0,57447.0,0,0,0,0
141,2025-11-10,2025,46,TOM-3000,TOM,3000,FoodService,308.0,308.0,57485.0,0,0,0,0
142,2025-11-17,2025,47,TOM-3000,TOM,3000,FoodService,312.0,312.0,57523.0,0,0,0,0
143,2025-11-24,2025,48,TOM-3000,TOM,3000,FoodService,272.0,272.0,57561.0,0,0,0,0
144,2025-12-01,2025,49,TOM-3000,TOM,3000,FoodService,309.0,309.0,57599.0,0,0,0,0
145,2025-12-08,2025,50,TOM-3000,TOM,3000,FoodService,373.0,373.0,57637.0,0,0,0,0
146,2025-12-15,2025,51,TOM-3000,TOM,3000,FoodService,303.0,303.0,57676.0,0,0,0,0
147,2025-12-22,2025,52,TOM-3000,TOM,3000,FoodService,267.0,267.0,57714.0,0,0,0,0
148,2025-12-29,2026,1,TOM-3000,TOM,3000,FoodService,383.0,383.0,57752.0,0,0,0,0
149,2026-01-05,2026,2,TOM-3000,TOM,3000,FoodService,287.0,287.0,57790.0,0,0,0,0
150,2026-01-12,2026,3,TOM-3000,TOM,3000,FoodService,308.0,308.0,57828.0,0,0,0,0
151,2026-01-19,2026,4,TOM-3000,TOM,3000,FoodService,297.0,297.0,57867.0,0,0,0,0
152,2026-01-26,2026,5,TOM-3000,TOM,3000,FoodService,284.0,0.0,57905.0,0,0,0,1
153,2026-02-02,2026,6,TOM-3000,TOM,3000,FoodService,505.0,0.0,57943.0,0,0,0,1
154,2026-02-09,2026,7,TOM-3000,TOM,3000,FoodService,574.0,574.0,57982.0,0,0,0,0
155,2026-02-16,2026,8,TOM-3000,TOM,3000,FoodService,303.0,303.0,58020.0,0,0,0,0
156,2026-02-23,2026,9,TOM-3000,TOM,3000,FoodService,376.0,376.0,58058.0,0,0,0,0
157,2026-03-02,2026,10,TOM-3000,TOM,3000,FoodService,390.0,390.0,58097.0,0,0,0,0
158,2026-03-09,2026,11,TOM-3000,TOM,3000,FoodService,346.0,346.0,58135.0,0,0,0,0
159,2026-03-16,2026,12,TOM-3000,TOM,3000,FoodService,346.0,346.0,58174.0,0,0,0,0
160,2026-03-23,2026,13,TOM-3000,TOM,3000,FoodService,437.0,437.0,58212.0,0,0,0,0
161,2026-03-30,2026,14,TOM-3000,TOM,3000,FoodService,456.0,456.0,58251.0,0,0,1,0
162,2026-04-06,2026,15,TOM-3000,TOM,3000,FoodService,356.0,356.0,58289.0,0,0,0,0
163,2026-04-13,2026,16,TOM-3000,TOM,3000,FoodService,532.0,532.0,58328.0,0,0,0,0
164,2026-04-20,2026,17,TOM-3000,TOM,3000,FoodService,448.0,448.0,58366.0,0,0,0,0
165,2026-04-27,2026,18,TOM-3000,TOM,3000,FoodService,501.0,501.0,58405.0,0,0,0,0
166,2026-05-04,2026,19,TOM-3000,TOM,3000,FoodService,356.0,356.0,58444.0,0,0,0,0
167,2026-05-11,2026,20,TOM-3000,TOM,3000,FoodService,445.0,445.0,58482.0,0,0,0,0
168,2026-05-18,2026,21,TOM-3000,TOM,3000,FoodService,442.0,442.0,58521.0,0,0,0,0
169,2026-05-25,2026,22,TOM-3000,TOM,3000,FoodService,392.0,392.0,58560.0,0,0,0,0
170,2026-06-01,2026,23,TOM-3000,TOM,3000,FoodService,482.0,482.0,58599.0,0,0,0,0
171,2026-06-08,2026,24,TOM-3000,TOM,3000,FoodService,452.0,452.0,58637.0,0,0,0,0
172,2026-06-15,2026,25,TOM-3000,TOM,3000,FoodService,432.0,432.0,58676.0,0,0,0,0
173,2026-06-22,2026,26,TOM-3000,TOM,3000,FoodService,448.0,448.0,58715.0,0,0,0,0
174,2026-06-29,2026,27,TOM-3000,TOM,3000,FoodService,421.0,421.0,58754.0,0,0,0,0
175,2026-07-06,2026,28,TOM-3000,TOM,3000,FoodService,490.0,490.0,58793.0,0,0,0,0
176,2026-07-13,2026,29,TOM-3000,TOM,3000,FoodService,449.0,449.0,58832.0,0,0,0,0
177,2026-07-20,2026,30,TOM-3000,TOM,3000,FoodService,516.0,516.0,58871.0,0,0,0,0
178,2026-07-27,2026,31,TOM-3000,TOM,3000,FoodService,509.0,509.0,58910.0,0,0,0,0
179,2026-08-03,2026,32,TOM-3000,TOM,3000,FoodService,425.0,425.0,58949.0,0,0,0,0
180,2026-08-10,2026,33,TOM-3000,TOM,3000,FoodService,374.0,374.0,58988.0,0,0,0,0
181,2026-08-17,2026,34,TOM-3000,TOM,3000,FoodService,481.0,481.0,59027.0,0,0,0,0
182,2026-08-24,2026,35,TOM-3000,TOM,3000,FoodService,474.0,474.0,59066.0,0,0,0,0
1,2023-03-06,2023,10,POR-480,POR,480,Retail,626.0,626.0,19600.0,0,0,0,0
2,2023-03-13,2023,11,POR-480,POR,480,Retail,644.0,644.0,19613.0,0,0,0,0
3,2023-03-20,2023,12,POR-480,POR,480,Retail,640.0,640.0,19626.0,0,0,0,0
4,2023-03-27,2023,13,POR-480,POR,480,Retail,708.0,708.0,19639.0,0,0,0,0
5,2023-04-03,2023,14,POR-480,POR,480,Retail,854.0,854.0,19652.0,0,0,1,0
6,2023-04-10,2023,15,POR-480,POR,480,Retail,956.0,956.0,19665.0,0,0,0,0
7,2023-04-17,2023,16,POR-480,POR,480,Retail,895.0,895.0,19678.0,0,0,0,0
8,2023-04-24,2023,17,POR-480,POR,480,Retail,1342.0,1342.0,16147.0,1,0,0,0
9,2023-05-01,2023,18,POR-480,POR,480,Retail,814.0,814.0,19704.0,0,0,0,0
10,2023-05-08,2023,19,POR-480,POR,480,Retail,1805.0,1642.0,16168.0,1,0,0,0
11,2023-05-15,2023,20,POR-480,POR,480,Retail,855.0,855.0,19730.0,0,0,0,0
12,2023-05-22,2023,21,POR-480,POR,480,Retail,1082.0,1082.0,19743.0,0,0,0,0
13,2023-05-29,2023,22,POR-480,POR,480,Retail,954.0,954.0,19756.0,0,0,0,0
14,2023-06-05,2023,23,POR-480,POR,480,Retail,1907.0,1644.0,16211.0,1,0,0,0
15,2023-06-12,2023,24,POR-480,POR,480,Retail,824.0,824.0,19782.0,0,0,0,0
16,2023-06-19,2023,25,POR-480,POR,480,Retail,1199.0,1199.0,19795.0,0,0,0,0
17,2023-06-26,2023,26,POR-480,POR,480,Retail,1133.0,1133.0,19809.0,0,0,0,0
18,2023-07-03,2023,27,POR-480,POR,480,Retail,1109.0,1109.0,19822.0,0,0,0,0
19,2023-07-10,2023,28,POR-480,POR,480,Retail,1100.0,1100.0,19835.0,0,0,0,0
20,2023-07-17,2023,29,POR-480,POR,480,Retail,1731.0,1645.0,19848.0,0,0,0,0
21,2023-07-24,2023,30,POR-480,POR,480,Retail,1590.0,1590.0,19861.0,0,0,0,0
22,2023-07-31,2023,31,POR-480,POR,480,Retail,1415.0,1415.0,19874.0,0,0,0,0
23,2023-08-07,2023,32,POR-480,POR,480,Retail,968.0,968.0,19887.0,0,0,0,0
24,2023-08-14,2023,33,POR-480,POR,480,Retail,1550.0,1550.0,19901.0,0,0,0,0
25,2023-08-21,2023,34,POR-480,POR,480,Retail,1265.0,1265.0,19914.0,0,0,0,0
26,2023-08-28,2023,35,POR-480,POR,480,Retail,1257.0,1257.0,19927.0,0,0,0,0
27,2023-09-04,2023,36,POR-480,POR,480,Retail,1328.0,1328.0,19940.0,0,0,0,0
28,2023-09-11,2023,37,POR-480,POR,480,Retail,1037.0,1037.0,19953.0,0,0,0,0
29,2023-09-18,2023,38,POR-480,POR,480,Retail,1544.0,1544.0,19966.0,0,1,0,0
30,2023-09-25,2023,39,POR-480,POR,480,Retail,835.0,835.0,19980.0,0,0,0,0
31,2023-10-02,2023,40,POR-480,POR,480,Retail,1547.0,1547.0,16394.0,1,0,0,0
32,2023-10-09,2023,41,POR-480,POR,480,Retail,796.0,796.0,20006.0,0,0,0,0
33,2023-10-16,2023,42,POR-480,POR,480,Retail,1033.0,1033.0,20019.0,0,0,0,0
34,2023-10-23,2023,43,POR-480,POR,480,Retail,747.0,747.0,20033.0,0,0,0,0
35,2023-10-30,2023,44,POR-480,POR,480,Retail,821.0,821.0,20046.0,0,0,0,0
36,2023-11-06,2023,45,POR-480,POR,480,Retail,817.0,817.0,20059.0,0,0,0,0
37,2023-11-13,2023,46,POR-480,POR,480,Retail,1000.0,1000.0,20072.0,0,0,0,0
38,2023-11-20,2023,47,POR-480,POR,480,Retail,725.0,725.0,20086.0,0,0,0,0
39,2023-11-27,2023,48,POR-480,POR,480,Retail,700.0,700.0,20099.0,0,0,0,0
40,2023-12-04,2023,49,POR-480,POR,480,Retail,505.0,505.0,20112.0,0,0,0,0
41,2023-12-11,2023,50,POR-480,POR,480,Retail,586.0,586.0,20126.0,0,0,0,0
42,2023-12-18,2023,51,POR-480,POR,480,Retail,593.0,593.0,20139.0,0,0,0,0
43,2023-12-25,2023,52,POR-480,POR,480,Retail,696.0,696.0,20152.0,0,0,0,0
44,2024-01-01,2024,1,POR-480,POR,480,Retail,687.0,687.0,20166.0,0,0,0,0
45,2024-01-08,2024,2,POR-480,POR,480,Retail,652.0,652.0,20179.0,0,0,0,0
46,2024-01-15,2024,3,POR-480,POR,480,Retail,626.0,626.0,20192.0,0,0,0,0
47,2024-01-22,2024,4,POR-480,POR,480,Retail,443.0,443.0,20206.0,0,0,0,0
48,2024-01-29,2024,5,POR-480,POR,480,Retail,704.0,0.0,20219.0,0,0,0,1
49,2024-02-05,2024,6,POR-480,POR,480,Retail,913.0,0.0,20232.0,0,0,0,1
50,2024-02-12,2024,7,POR-480,POR,480,Retail,1083.0,1083.0,20246.0,0,0,0,0
51,2024-02-19,2024,8,POR-480,POR,480,Retail,574.0,574.0,20259.0,0,0,0,0
52,2024-02-26,2024,9,POR-480,POR,480,Retail,584.0,584.0,20273.0,0,0,0,0
53,2024-03-04,2024,10,POR-480,POR,480,Retail,563.0,563.0,20286.0,0,0,0,0
54,2024-03-11,2024,11,POR-480,POR,480,Retail,629.0,629.0,20299.0,0,0,0,0
55,2024-03-18,2024,12,POR-480,POR,480,Retail,706.0,706.0,20313.0,0,0,0,0
56,2024-03-25,2024,13,POR-480,POR,480,Retail,774.0,774.0,20326.0,0,0,1,0
57,2024-04-01,2024,14,POR-480,POR,480,Retail,638.0,638.0,20340.0,0,0,0,0
58,2024-04-08,2024,15,POR-480,POR,480,Retail,1113.0,1113.0,16690.0,1,0,0,0
59,2024-04-15,2024,16,POR-480,POR,480,Retail,811.0,811.0,20367.0,0,0,0,0
60,2024-04-22,2024,17,POR-480,POR,480,Retail,849.0,849.0,20380.0,0,0,0,0
61,2024-04-29,2024,18,POR-480,POR,480,Retail,922.0,922.0,20394.0,0,0,0,0
62,2024-05-06,2024,19,POR-480,POR,480,Retail,1159.0,1159.0,20407.0,0,0,0,0
63,2024-05-13,2024,20,POR-480,POR,480,Retail,1062.0,1062.0,20421.0,0,0,0,0
64,2024-05-20,2024,21,POR-480,POR,480,Retail,877.0,877.0,20434.0,0,0,0,0
65,2024-05-27,2024,22,POR-480,POR,480,Retail,980.0,980.0,20448.0,0,0,0,0
66,2024-06-03,2024,23,POR-480,POR,480,Retail,1145.0,1145.0,20461.0,0,0,0,0
67,2024-06-10,2024,24,POR-480,POR,480,Retail,1373.0,1373.0,20475.0,0,0,0,0
68,2024-06-17,2024,25,POR-480,POR,480,Retail,1163.0,1163.0,20488.0,0,0,0,0
69,2024-06-24,2024,26,POR-480,POR,480,Retail,1145.0,1145.0,20502.0,0,0,0,0
70,2024-07-01,2024,27,POR-480,POR,480,Retail,1226.0,1226.0,20515.0,0,0,0,0
71,2024-07-08,2024,28,POR-480,POR,480,Retail,1258.0,1258.0,20529.0,0,0,0,0
72,2024-07-15,2024,29,POR-480,POR,480,Retail,1195.0,1195.0,20543.0,0,0,0,0
73,2024-07-22,2024,30,POR-480,POR,480,Retail,2246.0,1662.0,16856.0,1,0,0,0
74,2024-07-29,2024,31,POR-480,POR,480,Retail,1040.0,1040.0,20570.0,0,0,0,0
75,2024-08-05,2024,32,POR-480,POR,480,Retail,978.0,978.0,20583.0,0,0,0,0
76,2024-08-12,2024,33,POR-480,POR,480,Retail,1066.0,1066.0,20597.0,0,0,0,0
77,2024-08-19,2024,34,POR-480,POR,480,Retail,1113.0,1113.0,20611.0,0,0,0,0
78,2024-08-26,2024,35,POR-480,POR,480,Retail,1139.0,1139.0,20624.0,0,0,0,0
79,2024-09-02,2024,36,POR-480,POR,480,Retail,1259.0,1259.0,20638.0,0,0,0,0
80,2024-09-09,2024,37,POR-480,POR,480,Retail,1515.0,1515.0,20652.0,0,0,0,0
81,2024-09-16,2024,38,POR-480,POR,480,Retail,1846.0,1665.0,20665.0,0,1,0,0
82,2024-09-23,2024,39,POR-480,POR,480,Retail,1851.0,1665.0,16957.0,1,0,0,0
83,2024-09-30,2024,40,POR-480,POR,480,Retail,887.0,887.0,20693.0,0,0,0,0
84,2024-10-07,2024,41,POR-480,POR,480,Retail,1055.0,1055.0,20706.0,0,0,0,0
85,2024-10-14,2024,42,POR-480,POR,480,Retail,970.0,970.0,20720.0,0,0,0,0
86,2024-10-21,2024,43,POR-480,POR,480,Retail,795.0,795.0,20734.0,0,0,0,0
87,2024-10-28,2024,44,POR-480,POR,480,Retail,867.0,867.0,20747.0,0,0,0,0
88,2024-11-04,2024,45,POR-480,POR,480,Retail,868.0,868.0,20761.0,0,0,0,0
89,2024-11-11,2024,46,POR-480,POR,480,Retail,814.0,814.0,20775.0,0,0,0,0
90,2024-11-18,2024,47,POR-480,POR,480,Retail,858.0,858.0,20789.0,0,0,0,0
91,2024-11-25,2024,48,POR-480,POR,480,Retail,716.0,716.0,20802.0,0,0,0,0
92,2024-12-02,2024,49,POR-480,POR,480,Retail,741.0,741.0,20816.0,0,0,0,0
93,2024-12-09,2024,50,POR-480,POR,480,Retail,452.0,452.0,20830.0,0,0,0,0
94,2024-12-16,2024,51,POR-480,POR,480,Retail,599.0,599.0,20844.0,0,0,0,0
95,2024-12-23,2024,52,POR-480,POR,480,Retail,888.0,888.0,17103.0,1,0,0,0
96,2024-12-30,2025,1,POR-480,POR,480,Retail,442.0,442.0,20871.0,0,0,0,0
97,2025-01-06,2025,2,POR-480,POR,480,Retail,562.0,562.0,20885.0,0,0,0,0
98,2025-01-13,2025,3,POR-480,POR,480,Retail,469.0,469.0,20899.0,0,0,0,0
99,2025-01-20,2025,4,POR-480,POR,480,Retail,467.0,467.0,20913.0,0,0,0,0
100,2025-01-27,2025,5,POR-480,POR,480,Retail,554.0,0.0,20927.0,0,0,0,1
101,2025-02-03,2025,6,POR-480,POR,480,Retail,857.0,0.0,20941.0,0,0,0,1
102,2025-02-10,2025,7,POR-480,POR,480,Retail,997.0,997.0,20954.0,0,0,0,0
103,2025-02-17,2025,8,POR-480,POR,480,Retail,623.0,623.0,20968.0,0,0,0,0
104,2025-02-24,2025,9,POR-480,POR,480,Retail,944.0,944.0,17205.0,1,0,0,0
105,2025-03-03,2025,10,POR-480,POR,480,Retail,446.0,446.0,20996.0,0,0,0,0
106,2025-03-10,2025,11,POR-480,POR,480,Retail,569.0,569.0,21010.0,0,0,0,0
107,2025-03-17,2025,12,POR-480,POR,480,Retail,1228.0,1228.0,17240.0,1,0,0,0
108,2025-03-24,2025,13,POR-480,POR,480,Retail,528.0,528.0,21038.0,0,0,0,0
109,2025-03-31,2025,14,POR-480,POR,480,Retail,572.0,572.0,21052.0,0,0,0,0
110,2025-04-07,2025,15,POR-480,POR,480,Retail,994.0,994.0,21066.0,0,0,0,0
111,2025-04-14,2025,16,POR-480,POR,480,Retail,971.0,971.0,21080.0,0,0,1,0
112,2025-04-21,2025,17,POR-480,POR,480,Retail,984.0,984.0,21093.0,0,0,0,0
113,2025-04-28,2025,18,POR-480,POR,480,Retail,1061.0,1061.0,21107.0,0,0,0,0
114,2025-05-05,2025,19,POR-480,POR,480,Retail,1011.0,1011.0,21121.0,0,0,0,0
115,2025-05-12,2025,20,POR-480,POR,480,Retail,1116.0,1116.0,21135.0,0,0,0,0
116,2025-05-19,2025,21,POR-480,POR,480,Retail,1312.0,1312.0,21149.0,0,0,0,0
117,2025-05-26,2025,22,POR-480,POR,480,Retail,982.0,982.0,21163.0,0,0,0,0
118,2025-06-02,2025,23,POR-480,POR,480,Retail,929.0,929.0,21177.0,0,0,0,0
119,2025-06-09,2025,24,POR-480,POR,480,Retail,2070.0,1677.0,17377.0,1,0,0,0
120,2025-06-16,2025,25,POR-480,POR,480,Retail,842.0,842.0,21205.0,0,0,0,0
121,2025-06-23,2025,26,POR-480,POR,480,Retail,1170.0,1170.0,21219.0,0,0,0,0
122,2025-06-30,2025,27,POR-480,POR,480,Retail,1303.0,1303.0,21233.0,0,0,0,0
123,2025-07-07,2025,28,POR-480,POR,480,Retail,1251.0,1251.0,21248.0,0,0,0,0
124,2025-07-14,2025,29,POR-480,POR,480,Retail,1444.0,1444.0,21262.0,0,0,0,0
125,2025-07-21,2025,30,POR-480,POR,480,Retail,1045.0,1045.0,21276.0,0,0,0,0
126,2025-07-28,2025,31,POR-480,POR,480,Retail,1315.0,1315.0,21290.0,0,0,0,0
127,2025-08-04,2025,32,POR-480,POR,480,Retail,950.0,950.0,21304.0,0,0,0,0
128,2025-08-11,2025,33,POR-480,POR,480,Retail,1089.0,1089.0,21318.0,0,0,0,0
129,2025-08-18,2025,34,POR-480,POR,480,Retail,1288.0,1288.0,21332.0,0,0,0,0
130,2025-08-25,2025,35,POR-480,POR,480,Retail,953.0,953.0,21346.0,0,0,0,0
131,2025-09-01,2025,36,POR-480,POR,480,Retail,941.0,941.0,21360.0,0,0,0,0
132,2025-09-08,2025,37,POR-480,POR,480,Retail,1124.0,1124.0,21374.0,0,0,0,0
133,2025-09-15,2025,38,POR-480,POR,480,Retail,1324.0,1324.0,21389.0,0,1,0,0
134,2025-09-22,2025,39,POR-480,POR,480,Retail,966.0,966.0,21403.0,0,0,0,0
135,2025-09-29,2025,40,POR-480,POR,480,Retail,1141.0,1141.0,17562.0,1,0,0,0
136,2025-10-06,2025,41,POR-480,POR,480,Retail,880.0,880.0,21431.0,0,0,0,0
137,2025-10-13,2025,42,POR-480,POR,480,Retail,834.0,834.0,21445.0,0,0,0,0
138,2025-10-20,2025,43,POR-480,POR,480,Retail,786.0,786.0,21459.0,0,0,0,0
139,2025-10-27,2025,44,POR-480,POR,480,Retail,799.0,799.0,21474.0,0,0,0,0
140,2025-11-03,2025,45,POR-480,POR,480,Retail,524.0,524.0,21488.0,0,0,0,0
141,2025-11-10,2025,46,POR-480,POR,480,Retail,1080.0,1080.0,17632.0,1,0,0,0
142,2025-11-17,2025,47,POR-480,POR,480,Retail,561.0,561.0,21516.0,0,0,0,0
143,2025-11-24,2025,48,POR-480,POR,480,Retail,1258.0,1258.0,17655.0,1,0,0,0
144,2025-12-01,2025,49,POR-480,POR,480,Retail,575.0,575.0,21545.0,0,0,0,0
145,2025-12-08,2025,50,POR-480,POR,480,Retail,618.0,618.0,21559.0,0,0,0,0
146,2025-12-15,2025,51,POR-480,POR,480,Retail,606.0,606.0,21573.0,0,0,0,0
147,2025-12-22,2025,52,POR-480,POR,480,Retail,678.0,678.0,21588.0,0,0,0,0
148,2025-12-29,2026,1,POR-480,POR,480,Retail,1193.0,1193.0,17714.0,1,0,0,0
149,2026-01-05,2026,2,POR-480,POR,480,Retail,511.0,511.0,21616.0,0,0,0,0
150,2026-01-12,2026,3,POR-480,POR,480,Retail,1116.0,1116.0,17737.0,1,0,0,0
151,2026-01-19,2026,4,POR-480,POR,480,Retail,396.0,396.0,21645.0,0,0,0,0
152,2026-01-26,2026,5,POR-480,POR,480,Retail,559.0,0.0,21659.0,0,0,0,1
153,2026-02-02,2026,6,POR-480,POR,480,Retail,902.0,0.0,21673.0,0,0,0,1
154,2026-02-09,2026,7,POR-480,POR,480,Retail,1247.0,1247.0,21688.0,0,0,0,0
155,2026-02-16,2026,8,POR-480,POR,480,Retail,632.0,632.0,21702.0,0,0,0,0
156,2026-02-23,2026,9,POR-480,POR,480,Retail,598.0,598.0,21716.0,0,0,0,0
157,2026-03-02,2026,10,POR-480,POR,480,Retail,615.0,615.0,21731.0,0,0,0,0
158,2026-03-09,2026,11,POR-480,POR,480,Retail,818.0,818.0,21745.0,0,0,0,0
159,2026-03-16,2026,12,POR-480,POR,480,Retail,760.0,760.0,21760.0,0,0,0,0
160,2026-03-23,2026,13,POR-480,POR,480,Retail,1033.0,1033.0,21774.0,0,0,0,0
161,2026-03-30,2026,14,POR-480,POR,480,Retail,933.0,933.0,21788.0,0,0,1,0
162,2026-04-06,2026,15,POR-480,POR,480,Retail,799.0,799.0,21803.0,0,0,0,0
163,2026-04-13,2026,16,POR-480,POR,480,Retail,879.0,879.0,21817.0,0,0,0,0
164,2026-04-20,2026,17,POR-480,POR,480,Retail,1569.0,1569.0,17902.0,1,0,0,0
165,2026-04-27,2026,18,POR-480,POR,480,Retail,803.0,803.0,21846.0,0,0,0,0
166,2026-05-04,2026,19,POR-480,POR,480,Retail,1223.0,1223.0,21861.0,0,0,0,0
167,2026-05-11,2026,20,POR-480,POR,480,Retail,982.0,982.0,21875.0,0,0,0,0
168,2026-05-18,2026,21,POR-480,POR,480,Retail,1039.0,1039.0,21890.0,0,0,0,0
169,2026-05-25,2026,22,POR-480,POR,480,Retail,1245.0,1245.0,21904.0,0,0,0,0
170,2026-06-01,2026,23,POR-480,POR,480,Retail,1242.0,1242.0,21919.0,0,0,0,0
171,2026-06-08,2026,24,POR-480,POR,480,Retail,2464.0,1694.0,17985.0,1,0,0,0
172,2026-06-15,2026,25,POR-480,POR,480,Retail,1118.0,1118.0,21948.0,0,0,0,0
173,2026-06-22,2026,26,POR-480,POR,480,Retail,1195.0,1195.0,21962.0,0,0,0,0
174,2026-06-29,2026,27,POR-480,POR,480,Retail,1431.0,1431.0,21977.0,0,0,0,0
175,2026-07-06,2026,28,POR-480,POR,480,Retail,1405.0,1405.0,21991.0,0,0,0,0
176,2026-07-13,2026,29,POR-480,POR,480,Retail,1086.0,1086.0,22006.0,0,0,0,0
177,2026-07-20,2026,30,POR-480,POR,480,Retail,1098.0,1098.0,22020.0,0,0,0,0
178,2026-07-27,2026,31,POR-480,POR,480,Retail,1467.0,1467.0,22035.0,0,0,0,0
179,2026-08-03,2026,32,POR-480,POR,480,Retail,1279.0,1279.0,22049.0,0,0,0,0
180,2026-08-10,2026,33,POR-480,POR,480,Retail,1410.0,1410.0,22064.0,0,0,0,0
181,2026-08-17,2026,34,POR-480,POR,480,Retail,1075.0,1075.0,22079.0,0,0,0,0
182,2026-08-24,2026,35,POR-480,POR,480,Retail,1047.0,1047.0,22093.0,0,0,0,0
1,2023-03-06,2023,10,POR-3000,POR,3000,FoodService,0.0,0.0,61800.0,0,0,0,0
2,2023-03-13,2023,11,POR-3000,POR,3000,FoodService,65.0,65.0,61841.0,0,0,0,0
3,2023-03-20,2023,12,POR-3000,POR,3000,FoodService,0.0,0.0,61882.0,0,0,0,0
4,2023-03-27,2023,13,POR-3000,POR,3000,FoodService,0.0,0.0,61923.0,0,0,0,0
5,2023-04-03,2023,14,POR-3000,POR,3000,FoodService,85.0,85.0,61964.0,0,0,1,0
6,2023-04-10,2023,15,POR-3000,POR,3000,FoodService,0.0,0.0,62005.0,0,0,0,0
7,2023-04-17,2023,16,POR-3000,POR,3000,FoodService,260.0,173.0,62046.0,0,0,0,0
8,2023-04-24,2023,17,POR-3000,POR,3000,FoodService,75.0,75.0,62087.0,0,0,0,0
9,2023-05-01,2023,18,POR-3000,POR,3000,FoodService,110.0,110.0,62128.0,0,0,0,0
10,2023-05-08,2023,19,POR-3000,POR,3000,FoodService,0.0,0.0,62169.0,0,0,0,0
11,2023-05-15,2023,20,POR-3000,POR,3000,FoodService,0.0,0.0,62210.0,0,0,0,0
12,2023-05-22,2023,21,POR-3000,POR,3000,FoodService,100.0,100.0,62251.0,0,0,0,0
13,2023-05-29,2023,22,POR-3000,POR,3000,FoodService,105.0,105.0,62293.0,0,0,0,0
14,2023-06-05,2023,23,POR-3000,POR,3000,FoodService,0.0,0.0,62334.0,0,0,0,0
15,2023-06-12,2023,24,POR-3000,POR,3000,FoodService,110.0,110.0,62375.0,0,0,0,0
16,2023-06-19,2023,25,POR-3000,POR,3000,FoodService,125.0,125.0,62416.0,0,0,0,0
17,2023-06-26,2023,26,POR-3000,POR,3000,FoodService,125.0,125.0,62458.0,0,0,0,0
18,2023-07-03,2023,27,POR-3000,POR,3000,FoodService,125.0,125.0,62499.0,0,0,0,0
19,2023-07-10,2023,28,POR-3000,POR,3000,FoodService,0.0,0.0,62540.0,0,0,0,0
20,2023-07-17,2023,29,POR-3000,POR,3000,FoodService,120.0,120.0,62582.0,0,0,0,0
21,2023-07-24,2023,30,POR-3000,POR,3000,FoodService,115.0,115.0,62623.0,0,0,0,0
22,2023-07-31,2023,31,POR-3000,POR,3000,FoodService,0.0,0.0,62665.0,0,0,0,0
23,2023-08-07,2023,32,POR-3000,POR,3000,FoodService,500.0,174.0,62706.0,0,0,0,0
24,2023-08-14,2023,33,POR-3000,POR,3000,FoodService,425.0,174.0,62748.0,0,0,0,0
25,2023-08-21,2023,34,POR-3000,POR,3000,FoodService,0.0,0.0,62789.0,0,0,0,0
26,2023-08-28,2023,35,POR-3000,POR,3000,FoodService,130.0,130.0,62831.0,0,0,0,0
27,2023-09-04,2023,36,POR-3000,POR,3000,FoodService,120.0,120.0,62872.0,0,0,0,0
28,2023-09-11,2023,37,POR-3000,POR,3000,FoodService,0.0,0.0,62914.0,0,0,0,0
29,2023-09-18,2023,38,POR-3000,POR,3000,FoodService,670.0,174.0,62955.0,0,1,0,0
30,2023-09-25,2023,39,POR-3000,POR,3000,FoodService,90.0,90.0,62997.0,0,0,0,0
31,2023-10-02,2023,40,POR-3000,POR,3000,FoodService,100.0,100.0,63039.0,0,0,0,0
32,2023-10-09,2023,41,POR-3000,POR,3000,FoodService,95.0,95.0,63081.0,0,0,0,0
33,2023-10-16,2023,42,POR-3000,POR,3000,FoodService,0.0,0.0,63122.0,0,0,0,0
34,2023-10-23,2023,43,POR-3000,POR,3000,FoodService,95.0,95.0,63164.0,0,0,0,0
35,2023-10-30,2023,44,POR-3000,POR,3000,FoodService,105.0,105.0,63206.0,0,0,0,0
36,2023-11-06,2023,45,POR-3000,POR,3000,FoodService,75.0,75.0,63248.0,0,0,0,0
37,2023-11-13,2023,46,POR-3000,POR,3000,FoodService,80.0,80.0,63290.0,0,0,0,0
38,2023-11-20,2023,47,POR-3000,POR,3000,FoodService,0.0,0.0,63331.0,0,0,0,0
39,2023-11-27,2023,48,POR-3000,POR,3000,FoodService,75.0,75.0,63373.0,0,0,0,0
40,2023-12-04,2023,49,POR-3000,POR,3000,FoodService,65.0,65.0,63415.0,0,0,0,0
41,2023-12-11,2023,50,POR-3000,POR,3000,FoodService,0.0,0.0,63457.0,0,0,0,0
42,2023-12-18,2023,51,POR-3000,POR,3000,FoodService,60.0,60.0,63499.0,0,0,0,0
43,2023-12-25,2023,52,POR-3000,POR,3000,FoodService,60.0,60.0,63541.0,0,0,0,0
44,2024-01-01,2024,1,POR-3000,POR,3000,FoodService,55.0,55.0,63583.0,0,0,0,0
45,2024-01-08,2024,2,POR-3000,POR,3000,FoodService,0.0,0.0,63625.0,0,0,0,0
46,2024-01-15,2024,3,POR-3000,POR,3000,FoodService,55.0,55.0,63667.0,0,0,0,0
47,2024-01-22,2024,4,POR-3000,POR,3000,FoodService,0.0,0.0,63710.0,0,0,0,0
48,2024-01-29,2024,5,POR-3000,POR,3000,FoodService,0.0,0.0,63752.0,0,0,0,1
49,2024-02-05,2024,6,POR-3000,POR,3000,FoodService,240.0,0.0,63794.0,0,0,0,1
50,2024-02-12,2024,7,POR-3000,POR,3000,FoodService,224.0,175.0,63836.0,0,0,0,0
51,2024-02-19,2024,8,POR-3000,POR,3000,FoodService,0.0,0.0,63878.0,0,0,0,0
52,2024-02-26,2024,9,POR-3000,POR,3000,FoodService,60.0,60.0,63921.0,0,0,0,0
53,2024-03-04,2024,10,POR-3000,POR,3000,FoodService,80.0,80.0,63963.0,0,0,0,0
54,2024-03-11,2024,11,POR-3000,POR,3000,FoodService,65.0,65.0,64005.0,0,0,0,0
55,2024-03-18,2024,12,POR-3000,POR,3000,FoodService,100.0,100.0,64048.0,0,0,0,0
56,2024-03-25,2024,13,POR-3000,POR,3000,FoodService,90.0,90.0,64090.0,0,0,1,0
57,2024-04-01,2024,14,POR-3000,POR,3000,FoodService,0.0,0.0,64132.0,0,0,0,0
58,2024-04-08,2024,15,POR-3000,POR,3000,FoodService,0.0,0.0,64175.0,0,0,0,0
59,2024-04-15,2024,16,POR-3000,POR,3000,FoodService,0.0,0.0,64217.0,0,0,0,0
60,2024-04-22,2024,17,POR-3000,POR,3000,FoodService,95.0,95.0,64260.0,0,0,0,0
61,2024-04-29,2024,18,POR-3000,POR,3000,FoodService,100.0,100.0,64302.0,0,0,0,0
62,2024-05-06,2024,19,POR-3000,POR,3000,FoodService,100.0,100.0,64345.0,0,0,0,0
63,2024-05-13,2024,20,POR-3000,POR,3000,FoodService,315.0,175.0,64388.0,0,0,0,0
64,2024-05-20,2024,21,POR-3000,POR,3000,FoodService,115.0,115.0,64430.0,0,0,0,0
65,2024-05-27,2024,22,POR-3000,POR,3000,FoodService,0.0,0.0,64473.0,0,0,0,0
66,2024-06-03,2024,23,POR-3000,POR,3000,FoodService,0.0,0.0,64515.0,0,0,0,0
67,2024-06-10,2024,24,POR-3000,POR,3000,FoodService,145.0,145.0,64558.0,0,0,0,0
68,2024-06-17,2024,25,POR-3000,POR,3000,FoodService,415.0,175.0,64601.0,0,0,0,0
69,2024-06-24,2024,26,POR-3000,POR,3000,FoodService,0.0,0.0,64644.0,0,0,0,0
70,2024-07-01,2024,27,POR-3000,POR,3000,FoodService,465.0,175.0,64686.0,0,0,0,0
71,2024-07-08,2024,28,POR-3000,POR,3000,FoodService,140.0,140.0,64729.0,0,0,0,0
72,2024-07-15,2024,29,POR-3000,POR,3000,FoodService,115.0,115.0,64772.0,0,0,0,0
73,2024-07-22,2024,30,POR-3000,POR,3000,FoodService,135.0,135.0,64815.0,0,0,0,0
74,2024-07-29,2024,31,POR-3000,POR,3000,FoodService,595.0,175.0,64858.0,0,0,0,0
75,2024-08-05,2024,32,POR-3000,POR,3000,FoodService,0.0,0.0,64901.0,0,0,0,0
76,2024-08-12,2024,33,POR-3000,POR,3000,FoodService,155.0,155.0,64944.0,0,0,0,0
77,2024-08-19,2024,34,POR-3000,POR,3000,FoodService,0.0,0.0,64987.0,0,0,0,0
78,2024-08-26,2024,35,POR-3000,POR,3000,FoodService,120.0,120.0,65030.0,0,0,0,0
79,2024-09-02,2024,36,POR-3000,POR,3000,FoodService,125.0,125.0,65073.0,0,0,0,0
80,2024-09-09,2024,37,POR-3000,POR,3000,FoodService,390.0,176.0,65116.0,0,0,0,0
81,2024-09-16,2024,38,POR-3000,POR,3000,FoodService,165.0,165.0,65159.0,0,1,0,0
82,2024-09-23,2024,39,POR-3000,POR,3000,FoodService,0.0,0.0,65202.0,0,0,0,0
83,2024-09-30,2024,40,POR-3000,POR,3000,FoodService,0.0,0.0,65245.0,0,0,0,0
84,2024-10-07,2024,41,POR-3000,POR,3000,FoodService,95.0,95.0,65288.0,0,0,0,0
85,2024-10-14,2024,42,POR-3000,POR,3000,FoodService,100.0,100.0,65332.0,0,0,0,0
86,2024-10-21,2024,43,POR-3000,POR,3000,FoodService,85.0,85.0,65375.0,0,0,0,0
87,2024-10-28,2024,44,POR-3000,POR,3000,FoodService,85.0,85.0,65418.0,0,0,0,0
88,2024-11-04,2024,45,POR-3000,POR,3000,FoodService,75.0,75.0,65461.0,0,0,0,0
89,2024-11-11,2024,46,POR-3000,POR,3000,FoodService,90.0,90.0,65505.0,0,0,0,0
90,2024-11-18,2024,47,POR-3000,POR,3000,FoodService,80.0,80.0,65548.0,0,0,0,0
91,2024-11-25,2024,48,POR-3000,POR,3000,FoodService,80.0,80.0,65591.0,0,0,0,0
92,2024-12-02,2024,49,POR-3000,POR,3000,FoodService,0.0,0.0,65635.0,0,0,0,0
93,2024-12-09,2024,50,POR-3000,POR,3000,FoodService,55.0,55.0,65678.0,0,0,0,0
94,2024-12-16,2024,51,POR-3000,POR,3000,FoodService,215.0,176.0,65722.0,0,0,0,0
95,2024-12-23,2024,52,POR-3000,POR,3000,FoodService,145.0,145.0,65765.0,0,0,0,0
96,2024-12-30,2025,1,POR-3000,POR,3000,FoodService,0.0,0.0,65809.0,0,0,0,0
97,2025-01-06,2025,2,POR-3000,POR,3000,FoodService,0.0,0.0,65852.0,0,0,0,0
98,2025-01-13,2025,3,POR-3000,POR,3000,FoodService,0.0,0.0,65896.0,0,0,0,0
99,2025-01-20,2025,4,POR-3000,POR,3000,FoodService,210.0,176.0,65939.0,0,0,0,0
100,2025-01-27,2025,5,POR-3000,POR,3000,FoodService,0.0,0.0,65983.0,0,0,0,1
101,2025-02-03,2025,6,POR-3000,POR,3000,FoodService,0.0,0.0,66027.0,0,0,0,1
102,2025-02-10,2025,7,POR-3000,POR,3000,FoodService,65.0,65.0,66070.0,0,0,0,0
103,2025-02-17,2025,8,POR-3000,POR,3000,FoodService,0.0,0.0,66114.0,0,0,0,0
104,2025-02-24,2025,9,POR-3000,POR,3000,FoodService,0.0,0.0,66158.0,0,0,0,0
105,2025-03-03,2025,10,POR-3000,POR,3000,FoodService,0.0,0.0,66202.0,0,0,0,0
106,2025-03-10,2025,11,POR-3000,POR,3000,FoodService,0.0,0.0,66246.0,0,0,0,0
107,2025-03-17,2025,12,POR-3000,POR,3000,FoodService,0.0,0.0,66289.0,0,0,0,0
108,2025-03-24,2025,13,POR-3000,POR,3000,FoodService,315.0,177.0,66333.0,0,0,0,0
109,2025-03-31,2025,14,POR-3000,POR,3000,FoodService,270.0,177.0,66377.0,0,0,0,0
110,2025-04-07,2025,15,POR-3000,POR,3000,FoodService,0.0,0.0,66421.0,0,0,0,0
111,2025-04-14,2025,16,POR-3000,POR,3000,FoodService,0.0,0.0,66465.0,0,0,1,0
112,2025-04-21,2025,17,POR-3000,POR,3000,FoodService,105.0,105.0,66509.0,0,0,0,0
113,2025-04-28,2025,18,POR-3000,POR,3000,FoodService,0.0,0.0,66553.0,0,0,0,0
114,2025-05-05,2025,19,POR-3000,POR,3000,FoodService,305.0,177.0,66597.0,0,0,0,0
115,2025-05-12,2025,20,POR-3000,POR,3000,FoodService,0.0,0.0,66641.0,0,0,0,0
116,2025-05-19,2025,21,POR-3000,POR,3000,FoodService,130.0,130.0,66685.0,0,0,0,0
117,2025-05-26,2025,22,POR-3000,POR,3000,FoodService,90.0,90.0,66729.0,0,0,0,0
118,2025-06-02,2025,23,POR-3000,POR,3000,FoodService,110.0,110.0,66774.0,0,0,0,0
119,2025-06-09,2025,24,POR-3000,POR,3000,FoodService,90.0,90.0,66818.0,0,0,0,0
120,2025-06-16,2025,25,POR-3000,POR,3000,FoodService,135.0,135.0,66862.0,0,0,0,0
121,2025-06-23,2025,26,POR-3000,POR,3000,FoodService,0.0,0.0,66906.0,0,0,0,0
122,2025-06-30,2025,27,POR-3000,POR,3000,FoodService,460.0,177.0,66950.0,0,0,0,0
123,2025-07-07,2025,28,POR-3000,POR,3000,FoodService,0.0,0.0,66995.0,0,0,0,0
124,2025-07-14,2025,29,POR-3000,POR,3000,FoodService,555.0,177.0,67039.0,0,0,0,0
125,2025-07-21,2025,30,POR-3000,POR,3000,FoodService,135.0,135.0,67083.0,0,0,0,0
126,2025-07-28,2025,31,POR-3000,POR,3000,FoodService,120.0,120.0,67128.0,0,0,0,0
127,2025-08-04,2025,32,POR-3000,POR,3000,FoodService,135.0,135.0,67172.0,0,0,0,0
128,2025-08-11,2025,33,POR-3000,POR,3000,FoodService,0.0,0.0,67217.0,0,0,0,0
129,2025-08-18,2025,34,POR-3000,POR,3000,FoodService,120.0,120.0,67261.0,0,0,0,0
130,2025-08-25,2025,35,POR-3000,POR,3000,FoodService,130.0,130.0,67306.0,0,0,0,0
131,2025-09-01,2025,36,POR-3000,POR,3000,FoodService,0.0,0.0,67350.0,0,0,0,0
132,2025-09-08,2025,37,POR-3000,POR,3000,FoodService,345.0,177.0,67395.0,0,0,0,0
133,2025-09-15,2025,38,POR-3000,POR,3000,FoodService,150.0,150.0,67439.0,0,1,0,0
134,2025-09-22,2025,39,POR-3000,POR,3000,FoodService,480.0,178.0,67484.0,0,0,0,0
135,2025-09-29,2025,40,POR-3000,POR,3000,FoodService,330.0,178.0,67529.0,0,0,0,0
136,2025-10-06,2025,41,POR-3000,POR,3000,FoodService,0.0,0.0,67573.0,0,0,0,0
137,2025-10-13,2025,42,POR-3000,POR,3000,FoodService,85.0,85.0,67618.0,0,0,0,0
138,2025-10-20,2025,43,POR-3000,POR,3000,FoodService,0.0,0.0,67663.0,0,0,0,0
139,2025-10-27,2025,44,POR-3000,POR,3000,FoodService,180.0,178.0,67708.0,0,0,0,0
140,2025-11-03,2025,45,POR-3000,POR,3000,FoodService,110.0,110.0,67752.0,0,0,0,0
141,2025-11-10,2025,46,POR-3000,POR,3000,FoodService,0.0,0.0,67797.0,0,0,0,0
142,2025-11-17,2025,47,POR-3000,POR,3000,FoodService,80.0,80.0,67842.0,0,0,0,0
143,2025-11-24,2025,48,POR-3000,POR,3000,FoodService,0.0,0.0,67887.0,0,0,0,0
144,2025-12-01,2025,49,POR-3000,POR,3000,FoodService,75.0,75.0,67932.0,0,0,0,0
145,2025-12-08,2025,50,POR-3000,POR,3000,FoodService,150.0,150.0,67977.0,0,0,0,0
146,2025-12-15,2025,51,POR-3000,POR,3000,FoodService,0.0,0.0,68022.0,0,0,0,0
147,2025-12-22,2025,52,POR-3000,POR,3000,FoodService,0.0,0.0,68067.0,0,0,0,0
148,2025-12-29,2026,1,POR-3000,POR,3000,FoodService,85.0,85.0,68112.0,0,0,0,0
149,2026-01-05,2026,2,POR-3000,POR,3000,FoodService,0.0,0.0,68157.0,0,0,0,0
150,2026-01-12,2026,3,POR-3000,POR,3000,FoodService,0.0,0.0,68202.0,0,0,0,0
151,2026-01-19,2026,4,POR-3000,POR,3000,FoodService,55.0,55.0,68247.0,0,0,0,0
152,2026-01-26,2026,5,POR-3000,POR,3000,FoodService,55.0,0.0,68292.0,0,0,0,1
153,2026-02-02,2026,6,POR-3000,POR,3000,FoodService,93.0,0.0,68338.0,0,0,0,1
154,2026-02-09,2026,7,POR-3000,POR,3000,FoodService,291.0,178.0,68383.0,0,0,0,0
155,2026-02-16,2026,8,POR-3000,POR,3000,FoodService,310.0,178.0,68428.0,0,0,0,0
156,2026-02-23,2026,9,POR-3000,POR,3000,FoodService,70.0,70.0,68473.0,0,0,0,0
157,2026-03-02,2026,10,POR-3000,POR,3000,FoodService,65.0,65.0,68519.0,0,0,0,0
158,2026-03-09,2026,11,POR-3000,POR,3000,FoodService,225.0,178.0,68564.0,0,0,0,0
159,2026-03-16,2026,12,POR-3000,POR,3000,FoodService,65.0,65.0,68609.0,0,0,0,0
160,2026-03-23,2026,13,POR-3000,POR,3000,FoodService,245.0,178.0,68655.0,0,0,0,0
161,2026-03-30,2026,14,POR-3000,POR,3000,FoodService,0.0,0.0,68700.0,0,0,1,0
162,2026-04-06,2026,15,POR-3000,POR,3000,FoodService,75.0,75.0,68746.0,0,0,0,0
163,2026-04-13,2026,16,POR-3000,POR,3000,FoodService,80.0,80.0,68791.0,0,0,0,0
164,2026-04-20,2026,17,POR-3000,POR,3000,FoodService,405.0,179.0,68837.0,0,0,0,0
165,2026-04-27,2026,18,POR-3000,POR,3000,FoodService,0.0,0.0,68882.0,0,0,0,0
166,2026-05-04,2026,19,POR-3000,POR,3000,FoodService,300.0,179.0,68928.0,0,0,0,0
167,2026-05-11,2026,20,POR-3000,POR,3000,FoodService,0.0,0.0,68974.0,0,0,0,0
168,2026-05-18,2026,21,POR-3000,POR,3000,FoodService,0.0,0.0,69019.0,0,0,0,0
169,2026-05-25,2026,22,POR-3000,POR,3000,FoodService,110.0,110.0,69065.0,0,0,0,0
170,2026-06-01,2026,23,POR-3000,POR,3000,FoodService,120.0,120.0,69111.0,0,0,0,0
171,2026-06-08,2026,24,POR-3000,POR,3000,FoodService,125.0,125.0,69156.0,0,0,0,0
172,2026-06-15,2026,25,POR-3000,POR,3000,FoodService,0.0,0.0,69202.0,0,0,0,0
173,2026-06-22,2026,26,POR-3000,POR,3000,FoodService,130.0,130.0,69248.0,0,0,0,0
174,2026-06-29,2026,27,POR-3000,POR,3000,FoodService,435.0,179.0,69294.0,0,0,0,0
175,2026-07-06,2026,28,POR-3000,POR,3000,FoodService,0.0,0.0,69340.0,0,0,0,0
176,2026-07-13,2026,29,POR-3000,POR,3000,FoodService,140.0,140.0,69385.0,0,0,0,0
177,2026-07-20,2026,30,POR-3000,POR,3000,FoodService,0.0,0.0,69431.0,0,0,0,0
178,2026-07-27,2026,31,POR-3000,POR,3000,FoodService,120.0,120.0,69477.0,0,0,0,0
179,2026-08-03,2026,32,POR-3000,POR,3000,FoodService,395.0,179.0,69523.0,0,0,0,0
180,2026-08-10,2026,33,POR-3000,POR,3000,FoodService,0.0,0.0,69569.0,0,0,0,0
181,2026-08-17,2026,34,POR-3000,POR,3000,FoodService,0.0,0.0,69615.0,0,0,0,0
182,2026-08-24,2026,35,POR-3000,POR,3000,FoodService,115.0,115.0,69661.0,0,0,0,0
