t,sku,nivel,estacionalidad,calendario,promocion,senal_sin_ruido,pedidos_reales,censurado
1,DUR-480,1400.0,1.0362,1.0,1.0,1450.63,1456.0,0
2,DUR-480,1399.18,1.0,1.0,1.0,1399.18,1126.0,0
3,DUR-480,1398.36,0.9638,1.0,1.0,1347.79,1234.0,0
4,DUR-480,1397.54,0.9282,1.0,1.0,1297.21,1452.0,0
5,DUR-480,1396.72,0.8936,1.0,1.0,1248.14,1209.0,0
6,DUR-480,1395.91,0.8606,1.0,1.0,1201.29,1379.0,0
7,DUR-480,1395.09,0.8296,1.0,1.0,1157.34,1175.0,0
8,DUR-480,1394.27,0.8011,1.0,1.0,1116.9,1305.0,0
9,DUR-480,1393.45,0.7754,1.0,1.52,1642.44,1360.0,0
10,DUR-480,1392.64,0.7531,1.0,0.85,891.48,934.0,0
11,DUR-480,1391.82,0.7344,1.0,1.0,1022.1,1083.0,0
12,DUR-480,1391.01,0.7195,1.0,1.0,1000.82,926.0,0
13,DUR-480,1390.19,0.7087,1.0,1.0,985.25,1108.0,0
14,DUR-480,1389.38,0.7022,1.0,1.0,975.6,1222.0,0
15,DUR-480,1388.57,0.7,1.0,1.0,972.0,758.0,0
16,DUR-480,1387.75,0.7022,1.0,1.5465,1507.04,1307.0,0
17,DUR-480,1386.94,0.7087,1.0,0.85,835.51,855.0,0
18,DUR-480,1386.13,0.7195,1.0,1.0,997.31,989.0,0
19,DUR-480,1385.32,0.7344,1.0,1.0,1017.33,1012.0,0
20,DUR-480,1384.51,0.7531,1.0,1.0,1042.68,977.0,0
21,DUR-480,1383.69,0.7754,1.0,1.0,1072.98,1253.0,0
22,DUR-480,1382.88,0.8011,1.0,1.0,1107.78,905.0,0
23,DUR-480,1382.07,0.8296,1.0,1.0,1146.54,1046.0,0
24,DUR-480,1381.27,0.8606,1.0,1.0,1188.69,1194.0,0
25,DUR-480,1380.46,0.8936,1.0,1.0,1233.6,1398.0,0
26,DUR-480,1379.65,0.9282,1.0,1.0,1280.6,1495.0,0
27,DUR-480,1378.84,0.9638,1.0,1.0,1328.98,1323.0,0
28,DUR-480,1378.03,1.0,1.0,1.0,1378.03,1318.0,0
29,DUR-480,1377.23,1.0362,1.28,1.7777,3247.21,3876.0,1
30,DUR-480,1376.42,1.0718,0.92,0.85,1153.64,1097.0,0
31,DUR-480,1375.61,1.1064,1.0,1.0,1521.95,1307.0,0
32,DUR-480,1374.81,1.1394,1.0,1.0,1566.48,1863.0,0
33,DUR-480,1374.0,1.1704,1.0,1.0,1608.16,1656.0,0
34,DUR-480,1373.2,1.1989,1.0,1.0,1646.38,1644.0,0
35,DUR-480,1372.39,1.2246,1.0,1.0,1680.57,1644.0,0
36,DUR-480,1371.59,1.2469,1.0,1.0,1710.23,1771.0,0
37,DUR-480,1370.79,1.2656,1.0,1.0,1734.92,1660.0,0
38,DUR-480,1369.98,1.2805,1.0,1.0,1754.27,1873.0,0
39,DUR-480,1369.18,1.2913,1.0,1.0,1768.0,1550.0,0
40,DUR-480,1368.38,1.2978,1.0,1.0,1775.9,1866.0,0
41,DUR-480,1367.58,1.3,1.0,1.0,1777.85,1434.0,0
42,DUR-480,1366.78,1.2978,1.0,1.0,1773.82,1762.0,0
43,DUR-480,1365.98,1.2913,1.0,1.0,1763.86,1376.0,0
44,DUR-480,1365.18,1.2805,1.0,1.0,1748.12,2270.0,0
45,DUR-480,1364.38,1.2656,1.0,1.0,1726.81,1540.0,0
46,DUR-480,1363.58,1.2469,1.0,1.0,1700.24,1570.0,0
47,DUR-480,1362.78,1.2246,1.0,1.0,1668.8,1565.0,0
48,DUR-480,1361.98,1.1989,1.0,1.0,1632.93,1615.0,1
49,DUR-480,1361.19,1.1704,1.0,1.0,1593.16,2475.0,1
50,DUR-480,1360.39,1.1394,1.0,1.0,1550.05,3068.0,1
51,DUR-480,1359.59,1.1064,1.0,1.0,1504.23,1458.0,0
52,DUR-480,1358.8,1.0718,1.0,1.6409,2389.77,2121.0,0
53,DUR-480,1358.0,1.0362,1.0,0.85,1196.04,1179.0,0
54,DUR-480,1357.2,1.0,1.0,1.0,1357.2,1502.0,0
55,DUR-480,1356.41,0.9638,1.0,1.0,1307.36,976.0,0
56,DUR-480,1355.62,0.9282,1.0,1.0,1258.29,1232.0,0
57,DUR-480,1354.82,0.8936,1.0,1.0,1210.69,1178.0,0
58,DUR-480,1354.03,0.8606,1.0,1.0,1165.25,1020.0,0
59,DUR-480,1353.24,0.8296,1.0,1.0,1122.62,1079.0,0
60,DUR-480,1352.44,0.8011,1.0,1.0,1083.39,1001.0,0
61,DUR-480,1351.65,0.7754,1.0,1.0,1048.13,890.0,0
62,DUR-480,1350.86,0.7531,1.0,1.0,1017.34,865.0,0
63,DUR-480,1350.07,0.7344,1.0,1.7097,1695.02,1550.0,0
64,DUR-480,1349.28,0.7195,1.0,0.85,825.18,792.0,0
65,DUR-480,1348.49,0.7087,1.0,1.0,955.7,1048.0,0
66,DUR-480,1347.7,0.7022,1.0,1.5308,1448.66,1511.0,0
67,DUR-480,1346.91,0.7,1.0,0.85,801.41,828.0,0
68,DUR-480,1346.12,0.7022,1.0,1.0,945.23,933.0,0
69,DUR-480,1345.33,0.7087,1.0,1.0,953.46,1035.0,0
70,DUR-480,1344.54,0.7195,1.0,1.0,967.39,990.0,0
71,DUR-480,1343.76,0.7344,1.0,1.0,986.81,934.0,0
72,DUR-480,1342.97,0.7531,1.0,1.0,1011.4,962.0,0
73,DUR-480,1342.18,0.7754,1.0,1.6131,1678.94,1723.0,0
74,DUR-480,1341.4,0.8011,1.0,0.85,913.36,981.0,0
75,DUR-480,1340.61,0.8296,1.0,1.0,1112.15,1038.0,0
76,DUR-480,1339.83,0.8606,1.0,1.0,1153.03,874.0,0
77,DUR-480,1339.04,0.8936,1.0,1.0,1196.59,1328.0,0
78,DUR-480,1338.26,0.9282,1.0,1.0,1242.18,1111.0,0
79,DUR-480,1337.47,0.9638,1.0,1.0,1289.11,1365.0,0
80,DUR-480,1336.69,1.0,1.0,1.0,1336.69,1434.0,0
81,DUR-480,1335.91,1.0362,1.28,1.0,1771.8,2008.0,0
82,DUR-480,1335.13,1.0718,0.92,1.6571,2181.63,2513.0,1
83,DUR-480,1334.34,1.1064,1.0,0.85,1254.85,1042.0,0
84,DUR-480,1333.56,1.1394,1.0,1.0,1519.48,1392.0,0
85,DUR-480,1332.78,1.1704,1.0,1.0,1559.91,1692.0,0
86,DUR-480,1332.0,1.1989,1.0,1.0,1596.99,1800.0,0
87,DUR-480,1331.22,1.2246,1.0,1.0,1630.15,1489.0,0
88,DUR-480,1330.44,1.2469,1.0,1.0,1658.92,1479.0,0
89,DUR-480,1329.66,1.2656,1.0,1.0,1682.87,1531.0,0
90,DUR-480,1328.88,1.2805,1.0,1.4852,2527.23,2182.0,0
91,DUR-480,1328.11,1.2913,1.0,0.85,1457.72,1682.0,0
92,DUR-480,1327.33,1.2978,1.0,1.0,1722.62,1777.0,0
93,DUR-480,1326.55,1.3,1.0,1.0,1724.52,1692.0,0
94,DUR-480,1325.77,1.2978,1.0,1.0,1720.61,1762.0,0
95,DUR-480,1325.0,1.2913,1.0,1.8904,3234.37,2478.0,1
96,DUR-480,1324.22,1.2805,1.0,0.85,1441.32,1407.0,0
97,DUR-480,1323.45,1.2656,1.0,1.0,1675.0,1335.0,0
98,DUR-480,1322.67,1.2469,1.0,1.0,1649.23,1366.0,0
99,DUR-480,1321.9,1.2246,1.0,1.0,1618.73,1521.0,0
100,DUR-480,1321.12,1.1989,1.0,1.0,1583.94,1583.0,1
101,DUR-480,1320.35,1.1704,1.0,1.0,1545.36,2433.0,1
102,DUR-480,1319.58,1.1394,1.0,1.0,1503.55,2804.0,1
103,DUR-480,1318.8,1.1064,1.0,1.0,1459.1,1229.0,0
104,DUR-480,1318.03,1.0718,1.0,1.0,1412.66,1541.0,0
105,DUR-480,1317.26,1.0362,1.0,1.0,1364.89,1200.0,0
106,DUR-480,1316.49,1.0,1.0,1.0,1316.49,1359.0,0
107,DUR-480,1315.72,0.9638,1.0,1.0,1268.14,1469.0,0
108,DUR-480,1314.95,0.9282,1.0,1.0,1220.54,1317.0,0
109,DUR-480,1314.18,0.8936,1.0,1.0,1174.37,1034.0,0
110,DUR-480,1313.41,0.8606,1.0,1.7955,2029.42,2156.0,0
111,DUR-480,1312.64,0.8296,1.0,0.85,925.6,801.0,0
112,DUR-480,1311.87,0.8011,1.0,1.0,1050.89,1079.0,0
113,DUR-480,1311.1,0.7754,1.0,1.0,1016.69,1078.0,0
114,DUR-480,1310.33,0.7531,1.0,1.0,986.82,1017.0,0
115,DUR-480,1309.57,0.7344,1.0,1.0,961.7,1034.0,0
116,DUR-480,1308.8,0.7195,1.0,1.0,941.68,825.0,0
117,DUR-480,1308.03,0.7087,1.0,1.6774,1555.01,1669.0,0
118,DUR-480,1307.27,0.7022,1.0,0.85,780.25,874.0,0
119,DUR-480,1306.5,0.7,1.0,1.0,914.55,889.0,0
120,DUR-480,1305.74,0.7022,1.0,1.0,916.87,905.0,0
121,DUR-480,1304.97,0.7087,1.0,1.0,924.86,925.0,0
122,DUR-480,1304.21,0.7195,1.0,1.6096,1510.4,1437.0,0
123,DUR-480,1303.44,0.7344,1.0,0.85,813.62,660.0,0
124,DUR-480,1302.68,0.7531,1.0,1.0,981.06,1031.0,0
125,DUR-480,1301.92,0.7754,1.0,1.0,1009.57,1066.0,0
126,DUR-480,1301.16,0.8011,1.0,1.0,1042.31,914.0,0
127,DUR-480,1300.39,0.8296,1.0,1.0,1078.78,1315.0,0
128,DUR-480,1299.63,0.8606,1.0,1.0,1118.44,1136.0,0
129,DUR-480,1298.87,0.8936,1.0,1.0,1160.7,1259.0,0
130,DUR-480,1298.11,0.9282,1.0,1.0,1204.91,1291.0,0
131,DUR-480,1297.35,0.9638,1.0,1.0,1250.44,1423.0,0
132,DUR-480,1296.59,1.0,1.0,1.0,1296.59,1534.0,0
133,DUR-480,1295.83,1.0362,1.28,1.0,1718.64,1762.0,0
134,DUR-480,1295.07,1.0718,0.92,1.5733,2009.08,1688.0,0
135,DUR-480,1294.31,1.1064,1.0,0.85,1217.2,1182.0,0
136,DUR-480,1293.56,1.1394,1.0,1.0,1473.9,1624.0,0
137,DUR-480,1292.8,1.1704,1.0,1.0,1513.12,1380.0,0
138,DUR-480,1292.04,1.1989,1.0,1.0,1549.08,1917.0,0
139,DUR-480,1291.29,1.2246,1.0,1.8319,2896.7,3189.0,1
140,DUR-480,1290.53,1.2469,1.0,0.85,1367.78,1633.0,0
141,DUR-480,1289.77,1.2656,1.0,1.0,1632.38,1669.0,0
142,DUR-480,1289.02,1.2805,1.0,1.0,1650.59,1586.0,0
143,DUR-480,1288.26,1.2913,1.0,1.0,1663.51,2043.0,0
144,DUR-480,1287.51,1.2978,1.0,1.7684,2954.97,2679.0,1
145,DUR-480,1286.76,1.3,1.0,0.85,1421.86,1292.0,0
146,DUR-480,1286.0,1.2978,1.0,1.0,1668.99,1939.0,0
147,DUR-480,1285.25,1.2913,1.0,1.8158,3013.51,3000.0,1
148,DUR-480,1284.5,1.2805,1.0,0.85,1398.08,1304.0,0
149,DUR-480,1283.74,1.2656,1.0,1.0,1624.75,1249.0,0
150,DUR-480,1282.99,1.2469,1.0,1.0,1599.76,1788.0,0
151,DUR-480,1282.24,1.2246,1.0,1.0,1570.17,1590.0,0
152,DUR-480,1281.49,1.1989,1.0,1.0,1536.43,1398.0,1
153,DUR-480,1280.74,1.1704,1.0,1.0,1499.0,2065.0,1
154,DUR-480,1279.99,1.1394,1.0,1.0,1458.44,2462.0,1
155,DUR-480,1279.24,1.1064,1.0,1.0,1415.33,1910.0,0
156,DUR-480,1278.49,1.0718,1.0,1.0,1370.28,1244.0,0
157,DUR-480,1277.74,1.0362,1.0,1.0,1323.95,1352.0,0
158,DUR-480,1276.99,1.0,1.0,1.0,1276.99,1228.0,0
159,DUR-480,1276.25,0.9638,1.0,1.0,1230.1,1523.0,0
160,DUR-480,1275.5,0.9282,1.0,1.0,1183.92,993.0,0
161,DUR-480,1274.75,0.8936,1.0,1.0,1139.14,991.0,0
162,DUR-480,1274.01,0.8606,1.0,1.0,1096.39,1203.0,0
163,DUR-480,1273.26,0.8296,1.0,1.0,1056.27,1162.0,0
164,DUR-480,1272.51,0.8011,1.0,1.0,1019.36,832.0,0
165,DUR-480,1271.77,0.7754,1.0,1.0,986.19,1011.0,0
166,DUR-480,1271.02,0.7531,1.0,1.0,957.21,1066.0,0
167,DUR-480,1270.28,0.7344,1.0,1.0,932.85,1019.0,0
168,DUR-480,1269.54,0.7195,1.0,1.0,913.42,1239.0,0
169,DUR-480,1268.79,0.7087,1.0,1.0,899.22,743.0,0
170,DUR-480,1268.05,0.7022,1.0,1.0,890.41,941.0,0
171,DUR-480,1267.31,0.7,1.0,1.0,887.11,770.0,0
172,DUR-480,1266.56,0.7022,1.0,1.6918,1504.61,1221.0,0
173,DUR-480,1265.82,0.7087,1.0,0.85,762.54,924.0,0
174,DUR-480,1265.08,0.7195,1.0,1.0,910.22,838.0,0
175,DUR-480,1264.34,0.7344,1.0,1.0,928.49,772.0,0
176,DUR-480,1263.6,0.7531,1.0,1.0,951.62,714.0,0
177,DUR-480,1262.86,0.7754,1.0,1.6092,1575.81,1711.0,0
178,DUR-480,1262.12,0.8011,1.0,0.85,859.38,906.0,0
179,DUR-480,1261.38,0.8296,1.0,1.0,1046.42,985.0,0
180,DUR-480,1260.64,0.8606,1.0,1.0,1084.89,1069.0,0
181,DUR-480,1259.91,0.8936,1.0,1.0,1125.87,1027.0,0
182,DUR-480,1259.17,0.9282,1.0,1.866,2180.91,2192.0,1
1,DUR-820,620.0,1.0362,1.0,1.0,642.42,610.0,0
2,DUR-820,617.2,1.0,1.0,1.0,617.2,562.0,0
3,DUR-820,614.4,0.9638,1.0,1.0,592.19,644.0,0
4,DUR-820,611.63,0.9282,1.0,1.0,567.71,551.0,0
5,DUR-820,608.86,0.8936,1.0,1.0,544.09,713.0,0
6,DUR-820,606.11,0.8606,1.0,1.0,521.6,500.0,0
7,DUR-820,603.36,0.8296,1.0,1.0,500.54,469.0,0
8,DUR-820,600.64,0.8011,1.0,1.0,481.15,445.0,0
9,DUR-820,597.92,0.7754,1.0,1.6746,776.42,765.0,0
10,DUR-820,595.21,0.7531,1.0,0.85,381.02,337.0,0
11,DUR-820,592.52,0.7344,1.0,1.0,435.13,456.0,0
12,DUR-820,589.84,0.7195,1.0,1.0,424.39,399.0,0
13,DUR-820,587.17,0.7087,1.0,1.0,416.14,359.0,0
14,DUR-820,584.52,0.7022,1.0,1.0,410.44,404.0,0
15,DUR-820,581.88,0.7,1.0,1.0,407.31,396.0,0
16,DUR-820,579.24,0.7022,1.0,1.0,406.74,384.0,0
17,DUR-820,576.62,0.7087,1.0,1.0,408.66,368.0,0
18,DUR-820,574.02,0.7195,1.0,1.0,413.0,397.0,0
19,DUR-820,571.42,0.7344,1.0,1.0,419.63,379.0,0
20,DUR-820,568.83,0.7531,1.0,1.0,428.39,427.0,0
21,DUR-820,566.26,0.7754,1.0,1.0,439.11,422.0,0
22,DUR-820,563.7,0.8011,1.0,1.0,451.56,538.0,0
23,DUR-820,561.15,0.8296,1.0,1.0,465.52,474.0,0
24,DUR-820,558.61,0.8606,1.0,1.0,480.73,496.0,0
25,DUR-820,556.09,0.8936,1.0,1.0,496.93,452.0,0
26,DUR-820,553.57,0.9282,1.0,1.0,513.83,504.0,0
27,DUR-820,551.07,0.9638,1.0,1.0,531.14,668.0,0
28,DUR-820,548.58,1.0,1.0,1.0,548.58,650.0,0
29,DUR-820,546.09,1.0362,1.28,1.0,724.28,662.0,0
30,DUR-820,543.62,1.0718,0.92,1.0,536.04,477.0,0
31,DUR-820,541.17,1.1064,1.0,1.0,598.74,597.0,0
32,DUR-820,538.72,1.1394,1.0,1.0,613.82,617.0,0
33,DUR-820,536.28,1.1704,1.0,1.0,627.67,592.0,0
34,DUR-820,533.86,1.1989,1.0,1.0,640.06,462.0,0
35,DUR-820,531.44,1.2246,1.0,1.0,650.78,712.0,0
36,DUR-820,529.04,1.2469,1.0,1.0,659.65,653.0,0
37,DUR-820,526.65,1.2656,1.0,1.0,666.54,564.0,0
38,DUR-820,524.26,1.2805,1.0,1.0,671.32,535.0,0
39,DUR-820,521.89,1.2913,1.0,1.0,673.91,722.0,0
40,DUR-820,519.53,1.2978,1.0,1.0,674.25,681.0,0
41,DUR-820,517.18,1.3,1.0,1.0,672.34,698.0,0
42,DUR-820,514.84,1.2978,1.0,1.0,668.17,687.0,0
43,DUR-820,512.51,1.2913,1.0,1.0,661.8,769.0,0
44,DUR-820,510.2,1.2805,1.0,1.5195,992.71,965.0,1
45,DUR-820,507.89,1.2656,1.0,0.85,546.38,559.0,0
46,DUR-820,505.59,1.2469,1.0,1.0,630.42,695.0,0
47,DUR-820,503.3,1.2246,1.0,1.0,616.32,458.0,0
48,DUR-820,501.03,1.1989,1.0,1.0,600.7,607.0,1
49,DUR-820,498.76,1.1704,1.0,1.0,583.76,990.0,1
50,DUR-820,496.51,1.1394,1.0,1.0,565.73,1160.0,1
51,DUR-820,494.26,1.1064,1.0,1.7151,937.87,811.0,0
52,DUR-820,492.03,1.0718,1.0,0.85,448.25,504.0,0
53,DUR-820,489.8,1.0362,1.0,1.0,507.51,459.0,0
54,DUR-820,487.58,1.0,1.0,1.0,487.58,426.0,0
55,DUR-820,485.38,0.9638,1.0,1.0,467.83,433.0,0
56,DUR-820,483.18,0.9282,1.0,1.0,448.49,441.0,0
57,DUR-820,481.0,0.8936,1.0,1.7127,736.18,754.0,0
58,DUR-820,478.82,0.8606,1.0,0.85,350.26,322.0,0
59,DUR-820,476.66,0.8296,1.0,1.0,395.43,399.0,0
60,DUR-820,474.5,0.8011,1.0,1.0,380.11,373.0,0
61,DUR-820,472.36,0.7754,1.0,1.0,366.29,487.0,0
62,DUR-820,470.22,0.7531,1.0,1.8188,644.06,616.0,0
63,DUR-820,468.09,0.7344,1.0,0.85,292.19,255.0,0
64,DUR-820,465.98,0.7195,1.0,1.0,335.27,354.0,0
65,DUR-820,463.87,0.7087,1.0,1.0,328.75,331.0,0
66,DUR-820,461.77,0.7022,1.0,1.0,324.25,326.0,0
67,DUR-820,459.68,0.7,1.0,1.0,321.78,270.0,0
68,DUR-820,457.6,0.7022,1.0,1.0,321.32,345.0,0
69,DUR-820,455.53,0.7087,1.0,1.0,322.84,420.0,0
70,DUR-820,453.47,0.7195,1.0,1.0,326.27,292.0,0
71,DUR-820,451.42,0.7344,1.0,1.0,331.51,436.0,0
72,DUR-820,449.38,0.7531,1.0,1.0,338.43,379.0,0
73,DUR-820,447.35,0.7754,1.0,1.7981,623.76,461.0,0
74,DUR-820,445.32,0.8011,1.0,0.85,303.22,342.0,0
75,DUR-820,443.31,0.8296,1.0,1.0,367.76,386.0,0
76,DUR-820,441.3,0.8606,1.0,1.0,379.78,378.0,0
77,DUR-820,439.31,0.8936,1.0,1.0,392.57,386.0,0
78,DUR-820,437.32,0.9282,1.0,1.0,405.92,344.0,0
79,DUR-820,435.34,0.9638,1.0,1.0,419.6,476.0,0
80,DUR-820,433.37,1.0,1.0,1.0,433.37,500.0,0
81,DUR-820,431.41,1.0362,1.28,1.0,572.18,661.0,0
82,DUR-820,429.46,1.0718,0.92,1.0,423.47,631.0,0
83,DUR-820,427.52,1.1064,1.0,1.0,473.0,581.0,0
84,DUR-820,425.59,1.1394,1.0,1.0,484.92,415.0,0
85,DUR-820,423.66,1.1704,1.0,1.0,495.86,516.0,0
86,DUR-820,421.75,1.1989,1.0,1.0,505.65,559.0,0
87,DUR-820,419.84,1.2246,1.0,1.0,514.12,557.0,0
88,DUR-820,417.94,1.2469,1.0,1.0,521.13,579.0,0
89,DUR-820,416.05,1.2656,1.0,1.0,526.57,399.0,0
90,DUR-820,414.17,1.2805,1.0,1.4692,779.2,962.0,1
91,DUR-820,412.29,1.2913,1.0,0.85,452.53,447.0,0
92,DUR-820,410.43,1.2978,1.0,1.0,532.66,518.0,0
93,DUR-820,408.57,1.3,1.0,1.0,531.15,614.0,0
94,DUR-820,406.73,1.2978,1.0,1.0,527.85,573.0,0
95,DUR-820,404.89,1.2913,1.0,1.7334,906.27,809.0,1
96,DUR-820,403.05,1.2805,1.0,0.85,438.7,465.0,0
97,DUR-820,401.23,1.2656,1.0,1.0,507.81,528.0,0
98,DUR-820,399.42,1.2469,1.0,1.0,498.03,588.0,0
99,DUR-820,397.61,1.2246,1.0,1.4922,726.55,677.0,0
100,DUR-820,395.81,1.1989,1.0,0.85,403.37,385.0,1
101,DUR-820,394.02,1.1704,1.0,1.0,461.17,717.0,1
102,DUR-820,392.24,1.1394,1.0,1.5029,671.7,1019.0,1
103,DUR-820,390.47,1.1064,1.0,0.85,367.2,354.0,0
104,DUR-820,388.7,1.0718,1.0,1.0,416.61,376.0,0
105,DUR-820,386.94,1.0362,1.0,1.0,400.93,339.0,0
106,DUR-820,385.19,1.0,1.0,1.0,385.19,392.0,0
107,DUR-820,383.45,0.9638,1.0,1.0,369.58,430.0,0
108,DUR-820,381.72,0.9282,1.0,1.0,354.31,310.0,0
109,DUR-820,379.99,0.8936,1.0,1.0,339.57,316.0,0
110,DUR-820,378.27,0.8606,1.0,1.0,325.53,389.0,0
111,DUR-820,376.56,0.8296,1.0,1.0,312.39,336.0,0
112,DUR-820,374.86,0.8011,1.0,1.0,300.28,318.0,0
113,DUR-820,373.16,0.7754,1.0,1.0,289.37,303.0,0
114,DUR-820,371.47,0.7531,1.0,1.0,279.76,310.0,0
115,DUR-820,369.79,0.7344,1.0,1.0,271.56,304.0,0
116,DUR-820,368.12,0.7195,1.0,1.0,264.86,245.0,0
117,DUR-820,366.46,0.7087,1.0,1.0,259.71,278.0,0
118,DUR-820,364.8,0.7022,1.0,1.8319,469.26,494.0,0
119,DUR-820,363.15,0.7,1.0,0.85,216.07,208.0,0
120,DUR-820,361.51,0.7022,1.0,1.0,253.84,197.0,0
121,DUR-820,359.87,0.7087,1.0,1.0,255.05,239.0,0
122,DUR-820,358.24,0.7195,1.0,1.0,257.75,279.0,0
123,DUR-820,356.62,0.7344,1.0,1.0,261.89,211.0,0
124,DUR-820,355.01,0.7531,1.0,1.0,267.36,241.0,0
125,DUR-820,353.4,0.7754,1.0,1.0,274.05,274.0,0
126,DUR-820,351.81,0.8011,1.0,1.7932,505.36,447.0,0
127,DUR-820,350.21,0.8296,1.0,0.85,246.95,214.0,0
128,DUR-820,348.63,0.8606,1.0,1.0,300.03,326.0,0
129,DUR-820,347.05,0.8936,1.0,1.0,310.13,354.0,0
130,DUR-820,345.48,0.9282,1.0,1.0,320.68,335.0,0
131,DUR-820,343.92,0.9638,1.0,1.0,331.49,316.0,0
132,DUR-820,342.37,1.0,1.0,1.0,342.37,389.0,0
133,DUR-820,340.82,1.0362,1.28,1.0,452.02,495.0,0
134,DUR-820,339.28,1.0718,0.92,1.0,334.54,372.0,0
135,DUR-820,337.74,1.1064,1.0,1.0,373.67,366.0,0
136,DUR-820,336.21,1.1394,1.0,1.0,383.09,321.0,0
137,DUR-820,334.69,1.1704,1.0,1.0,391.73,431.0,0
138,DUR-820,333.18,1.1989,1.0,1.0,399.46,380.0,0
139,DUR-820,331.67,1.2246,1.0,1.0,406.15,373.0,0
140,DUR-820,330.17,1.2469,1.0,1.0,411.69,504.0,0
141,DUR-820,328.68,1.2656,1.0,1.0,415.99,411.0,0
142,DUR-820,327.19,1.2805,1.0,1.8695,783.28,821.0,1
143,DUR-820,325.71,1.2913,1.0,0.85,357.5,387.0,0
144,DUR-820,324.24,1.2978,1.0,1.0,420.8,404.0,0
145,DUR-820,322.77,1.3,1.0,1.0,419.61,443.0,0
146,DUR-820,321.31,1.2978,1.0,1.0,417.0,440.0,0
147,DUR-820,319.86,1.2913,1.0,1.0,413.03,326.0,0
148,DUR-820,318.41,1.2805,1.0,1.0,407.73,427.0,0
149,DUR-820,316.97,1.2656,1.0,1.0,401.17,349.0,0
150,DUR-820,315.54,1.2469,1.0,1.0,393.44,383.0,0
151,DUR-820,314.11,1.2246,1.0,1.0,384.65,350.0,0
152,DUR-820,312.69,1.1989,1.0,1.0,374.9,428.0,1
153,DUR-820,311.28,1.1704,1.0,1.0,364.33,649.0,1
154,DUR-820,309.87,1.1394,1.0,1.0,353.07,738.0,1
155,DUR-820,308.47,1.1064,1.0,1.0,341.28,314.0,0
156,DUR-820,307.07,1.0718,1.0,1.0,329.12,373.0,0
157,DUR-820,305.68,1.0362,1.0,1.0,316.74,374.0,0
158,DUR-820,304.3,1.0,1.0,1.0,304.3,332.0,0
159,DUR-820,302.93,0.9638,1.0,1.0,291.97,266.0,0
160,DUR-820,301.56,0.9282,1.0,1.0,279.91,272.0,0
161,DUR-820,300.19,0.8936,1.0,1.0,268.26,208.0,0
162,DUR-820,298.83,0.8606,1.0,1.0,257.17,229.0,0
163,DUR-820,297.48,0.8296,1.0,1.6412,405.02,456.0,0
164,DUR-820,296.14,0.8011,1.0,0.85,201.64,212.0,0
165,DUR-820,294.8,0.7754,1.0,1.0,228.6,235.0,0
166,DUR-820,293.46,0.7531,1.0,1.0,221.01,228.0,0
167,DUR-820,292.14,0.7344,1.0,1.0,214.53,199.0,0
168,DUR-820,290.82,0.7195,1.0,1.0,209.24,233.0,0
169,DUR-820,289.5,0.7087,1.0,1.0,205.17,186.0,0
170,DUR-820,288.19,0.7022,1.0,1.0,202.36,158.0,0
171,DUR-820,286.89,0.7,1.0,1.0,200.82,212.0,0
172,DUR-820,285.59,0.7022,1.0,1.0,200.54,166.0,0
173,DUR-820,284.3,0.7087,1.0,1.0,201.49,191.0,0
174,DUR-820,283.01,0.7195,1.0,1.0,203.63,212.0,0
175,DUR-820,281.73,0.7344,1.0,1.0,206.89,160.0,0
176,DUR-820,280.46,0.7531,1.0,1.0,211.21,218.0,0
177,DUR-820,279.19,0.7754,1.0,1.0,216.5,205.0,0
178,DUR-820,277.93,0.8011,1.0,1.0,222.64,271.0,0
179,DUR-820,276.67,0.8296,1.0,1.0,229.52,245.0,0
180,DUR-820,275.42,0.8606,1.0,1.0,237.02,263.0,0
181,DUR-820,274.17,0.8936,1.0,1.0,245.01,194.0,0
182,DUR-820,272.93,0.9282,1.0,1.0,253.34,230.0,0
1,TOM-480,2100.0,0.9735,1.0,1.6941,3463.19,3556.0,1
2,TOM-480,2102.35,1.0,1.0,0.85,1787.0,1996.0,0
3,TOM-480,2104.71,1.0265,1.0,1.0,2160.52,1748.0,0
4,TOM-480,2107.07,1.0526,1.0,1.0,2218.01,2258.0,0
5,TOM-480,2109.43,1.078,1.2,1.0,2728.8,2376.0,0
6,TOM-480,2111.8,1.1022,1.0,1.0,2327.71,2619.0,0
7,TOM-480,2114.17,1.125,1.0,1.4754,3509.01,3771.0,1
8,TOM-480,2116.54,1.1459,1.0,0.85,2061.52,1822.0,0
9,TOM-480,2118.91,1.1647,1.0,1.0,2467.84,2288.0,0
10,TOM-480,2121.29,1.1811,1.0,1.0,2505.36,2059.0,0
11,TOM-480,2123.66,1.1948,1.0,1.0,2537.35,2822.0,0
12,TOM-480,2126.05,1.2057,1.0,1.0,2563.38,3148.0,0
13,TOM-480,2128.43,1.2136,1.0,1.0,2583.08,3100.0,0
14,TOM-480,2130.82,1.2184,1.0,1.7492,4541.15,5973.0,1
15,TOM-480,2133.2,1.22,1.0,0.85,2212.13,2685.0,0
16,TOM-480,2135.6,1.2184,1.0,1.0,2602.0,2434.0,0
17,TOM-480,2137.99,1.2136,1.0,1.0,2594.68,2632.0,0
18,TOM-480,2140.39,1.2057,1.0,1.0,2580.67,3155.0,0
19,TOM-480,2142.79,1.1948,1.0,1.0,2560.2,1927.0,0
20,TOM-480,2145.19,1.1811,1.0,1.0,2533.59,3425.0,0
21,TOM-480,2147.59,1.1647,1.0,1.0,2501.24,2240.0,0
22,TOM-480,2150.0,1.1459,1.0,1.0,2463.66,2382.0,0
23,TOM-480,2152.41,1.125,1.0,1.0,2421.41,2189.0,0
24,TOM-480,2154.83,1.1022,1.0,1.0,2375.13,2451.0,0
25,TOM-480,2157.24,1.078,1.0,1.0,2325.54,2459.0,0
26,TOM-480,2159.66,1.0526,1.0,1.0,2273.37,2282.0,0
27,TOM-480,2162.08,1.0265,1.0,1.0,2219.42,2208.0,0
28,TOM-480,2164.51,1.0,1.0,1.5656,3388.76,3469.0,0
29,TOM-480,2166.93,0.9735,1.28,0.85,2295.1,2936.0,0
30,TOM-480,2169.36,0.9474,0.92,1.0,1890.74,2033.0,0
31,TOM-480,2171.8,0.922,1.0,1.0,2002.37,1784.0,0
32,TOM-480,2174.23,0.8978,1.0,1.0,1951.94,2472.0,0
33,TOM-480,2176.67,0.875,1.0,1.0,1904.64,1742.0,0
34,TOM-480,2179.11,0.8541,1.0,1.0,1861.2,1849.0,0
35,TOM-480,2181.55,0.8353,1.0,1.0,1822.31,1519.0,0
36,TOM-480,2184.0,0.8189,1.0,1.0,1788.57,1803.0,0
37,TOM-480,2186.45,0.8052,1.0,1.0,1760.53,1641.0,0
38,TOM-480,2188.9,0.7943,1.0,1.0,1738.63,1698.0,0
39,TOM-480,2191.35,0.7864,1.0,1.0,1723.26,1755.0,0
40,TOM-480,2193.81,0.7816,1.0,1.0,1714.69,1671.0,0
41,TOM-480,2196.27,0.78,1.0,1.0,1713.09,1709.0,0
42,TOM-480,2198.73,0.7816,1.0,1.0,1718.54,1797.0,0
43,TOM-480,2201.2,0.7864,1.0,1.0,1731.0,2026.0,0
44,TOM-480,2203.66,0.7943,1.0,1.0,1750.36,1809.0,0
45,TOM-480,2206.13,0.8052,1.0,1.5192,2698.73,2731.0,0
46,TOM-480,2208.61,0.8189,1.0,0.85,1537.42,1412.0,0
47,TOM-480,2211.08,0.8353,1.0,1.0,1846.98,2169.0,0
48,TOM-480,2213.56,0.8541,1.0,1.0,1890.63,1450.0,1
49,TOM-480,2216.04,0.875,1.0,1.0,1939.1,2834.0,1
50,TOM-480,2218.53,0.8978,1.0,1.0,1991.71,3654.0,1
51,TOM-480,2221.02,0.922,1.0,1.6814,3442.98,4162.0,1
52,TOM-480,2223.51,0.9474,1.0,0.85,1790.47,1920.0,0
53,TOM-480,2226.0,0.9735,1.0,1.0,2166.97,2455.0,0
54,TOM-480,2228.5,1.0,1.0,1.0,2228.5,1985.0,0
55,TOM-480,2230.99,1.0265,1.0,1.0,2290.16,1942.0,0
56,TOM-480,2233.5,1.0526,1.2,1.0,2821.31,2888.0,0
57,TOM-480,2236.0,1.078,1.0,1.0,2410.44,2643.0,0
58,TOM-480,2238.51,1.1022,1.0,1.0,2467.37,2516.0,0
59,TOM-480,2241.02,1.125,1.0,1.0,2521.09,2616.0,0
60,TOM-480,2243.53,1.1459,1.0,1.0,2570.83,3017.0,0
61,TOM-480,2246.04,1.1647,1.0,1.0,2615.91,2780.0,0
62,TOM-480,2248.56,1.1811,1.0,1.0,2655.68,2183.0,0
63,TOM-480,2251.08,1.1948,1.0,1.0,2689.6,2642.0,0
64,TOM-480,2253.61,1.2057,1.0,1.0,2717.18,3062.0,0
65,TOM-480,2256.13,1.2136,1.0,1.5073,4127.01,3876.0,1
66,TOM-480,2258.66,1.2184,1.0,0.85,2339.15,2165.0,0
67,TOM-480,2261.2,1.22,1.0,1.574,4342.02,4198.0,1
68,TOM-480,2263.73,1.2184,1.0,0.85,2344.4,2022.0,0
69,TOM-480,2266.27,1.2136,1.0,1.8263,5022.98,4100.0,1
70,TOM-480,2268.81,1.2057,1.0,0.85,2325.19,2365.0,0
71,TOM-480,2271.35,1.1948,1.0,1.0,2713.81,2865.0,0
72,TOM-480,2273.9,1.1811,1.0,1.8591,4992.88,4697.0,1
73,TOM-480,2276.45,1.1647,1.0,0.85,2253.62,2085.0,0
74,TOM-480,2279.0,1.1459,1.0,1.0,2611.48,2639.0,0
75,TOM-480,2281.56,1.125,1.0,1.0,2566.69,2736.0,0
76,TOM-480,2284.12,1.1022,1.0,1.0,2517.64,2441.0,0
77,TOM-480,2286.68,1.078,1.0,1.0,2465.07,2454.0,0
78,TOM-480,2289.24,1.0526,1.0,1.0,2409.77,2845.0,0
79,TOM-480,2291.81,1.0265,1.0,1.0,2352.58,2787.0,0
80,TOM-480,2294.38,1.0,1.0,1.0,2294.38,2017.0,0
81,TOM-480,2296.95,0.9735,1.28,1.0,2862.13,2137.0,0
82,TOM-480,2299.52,0.9474,0.92,1.0,2004.18,1902.0,0
83,TOM-480,2302.1,0.922,1.0,1.0,2122.51,2088.0,0
84,TOM-480,2304.68,0.8978,1.0,1.0,2069.06,2118.0,0
85,TOM-480,2307.27,0.875,1.0,1.0,2018.92,1826.0,0
86,TOM-480,2309.85,0.8541,1.0,1.0,1972.88,1756.0,0
87,TOM-480,2312.44,0.8353,1.0,1.0,1931.65,1695.0,0
88,TOM-480,2315.04,0.8189,1.0,1.4695,2785.94,2613.0,0
89,TOM-480,2317.63,0.8052,1.0,0.85,1586.23,1784.0,0
90,TOM-480,2320.23,0.7943,1.0,1.0,1842.95,1720.0,0
91,TOM-480,2322.83,0.7864,1.0,1.0,1826.66,2145.0,0
92,TOM-480,2325.44,0.7816,1.0,1.0,1817.57,1556.0,0
93,TOM-480,2328.04,0.78,1.0,1.0,1815.87,1760.0,0
94,TOM-480,2330.65,0.7816,1.0,1.0,1821.65,1514.0,0
95,TOM-480,2333.27,0.7864,1.0,1.0,1834.86,1926.0,0
96,TOM-480,2335.88,0.7943,1.0,1.0,1855.38,2118.0,0
97,TOM-480,2338.5,0.8052,1.0,1.0,1882.96,1840.0,0
98,TOM-480,2341.12,0.8189,1.0,1.0,1917.25,1588.0,0
99,TOM-480,2343.75,0.8353,1.0,1.6465,3223.52,3219.0,0
100,TOM-480,2346.38,0.8541,1.0,0.85,1703.46,1387.0,1
101,TOM-480,2349.01,0.875,1.0,1.0,2055.44,3146.0,1
102,TOM-480,2351.64,0.8978,1.0,1.0,2111.21,3907.0,1
103,TOM-480,2354.28,0.922,1.0,1.0,2170.61,2081.0,0
104,TOM-480,2356.92,0.9474,1.0,1.853,4137.41,4350.0,1
105,TOM-480,2359.56,0.9735,1.0,0.85,1952.44,2050.0,0
106,TOM-480,2362.21,1.0,1.0,1.0,2362.21,3010.0,0
107,TOM-480,2364.85,1.0265,1.0,1.0,2427.57,2887.0,0
108,TOM-480,2367.51,1.0526,1.0,1.0,2492.15,1884.0,0
109,TOM-480,2370.16,1.078,1.0,1.7373,4438.95,4453.0,1
110,TOM-480,2372.82,1.1022,1.0,0.85,2223.1,2610.0,0
111,TOM-480,2375.48,1.125,1.2,1.0,3206.82,3564.0,0
112,TOM-480,2378.14,1.1459,1.0,1.0,2725.08,3162.0,0
113,TOM-480,2380.81,1.1647,1.0,1.0,2772.86,2521.0,0
114,TOM-480,2383.48,1.1811,1.0,1.5162,4268.18,4454.0,1
115,TOM-480,2386.15,1.1948,1.0,0.85,2423.33,2490.0,0
116,TOM-480,2388.82,1.2057,1.0,1.0,2880.21,1979.0,0
117,TOM-480,2391.5,1.2136,1.0,1.6297,4729.91,5017.0,1
118,TOM-480,2394.18,1.2184,1.0,0.85,2479.5,2404.0,0
119,TOM-480,2396.87,1.22,1.0,1.0,2924.18,3344.0,0
120,TOM-480,3239.4,1.2184,1.0,1.0,3946.87,3172.0,0
121,TOM-480,3243.03,1.2136,1.0,1.0,3935.77,3794.0,0
122,TOM-480,3246.67,1.2057,1.0,1.0,3914.52,4287.0,0
123,TOM-480,3250.31,1.1948,1.0,1.5731,6109.22,6009.0,1
124,TOM-480,3253.95,1.1811,1.0,0.85,3266.64,2791.0,0
125,TOM-480,3257.6,1.1647,1.0,1.0,3794.04,3993.0,0
126,TOM-480,3261.25,1.1459,1.0,1.0,3737.03,2597.0,0
127,TOM-480,3264.91,1.125,1.0,1.0,3672.94,3167.0,0
128,TOM-480,3268.57,1.1022,1.0,1.0,3602.75,4001.0,0
129,TOM-480,3272.23,1.078,1.0,1.0,3527.51,3380.0,0
130,TOM-480,3275.9,1.0526,1.0,1.0,3448.38,3672.0,0
131,TOM-480,3279.58,1.0265,1.0,1.0,3366.54,4260.0,0
132,TOM-480,3283.25,1.0,1.0,1.0,3283.25,4008.0,0
133,TOM-480,3286.93,0.9735,1.28,1.0,4095.71,4127.0,0
134,TOM-480,3290.62,0.9474,0.92,1.0,2867.98,2411.0,0
135,TOM-480,3294.31,0.922,1.0,1.0,3037.31,3421.0,0
136,TOM-480,3298.0,0.8978,1.0,1.0,2960.82,2829.0,0
137,TOM-480,3301.7,0.875,1.0,1.0,2889.07,3481.0,0
138,TOM-480,3305.4,0.8541,1.0,1.0,2823.19,2818.0,0
139,TOM-480,3309.11,0.8353,1.0,1.7432,4818.55,4677.0,0
140,TOM-480,3312.82,0.8189,1.0,0.85,2306.06,2590.0,0
141,TOM-480,3316.53,0.8052,1.0,1.0,2670.47,2341.0,0
142,TOM-480,3320.25,0.7943,1.0,1.0,2637.26,2387.0,0
143,TOM-480,3323.97,0.7864,1.0,1.0,2613.95,2505.0,0
144,TOM-480,3327.7,0.7816,1.0,1.0,2600.94,2354.0,0
145,TOM-480,3331.43,0.78,1.0,1.0,2598.52,3034.0,0
146,TOM-480,3335.17,0.7816,1.0,1.6196,4221.86,3698.0,0
147,TOM-480,3338.91,0.7864,1.0,0.85,2231.84,2308.0,0
148,TOM-480,3342.65,0.7943,1.0,1.0,2655.05,2486.0,0
149,TOM-480,3346.4,0.8052,1.0,1.0,2694.52,2346.0,0
150,TOM-480,3350.15,0.8189,1.0,1.0,2743.58,2168.0,0
151,TOM-480,3353.9,0.8353,1.0,1.0,2801.61,2634.0,0
152,TOM-480,3357.67,0.8541,1.0,1.0,2867.83,2895.0,1
153,TOM-480,3361.43,0.875,1.0,1.0,2941.34,4821.0,1
154,TOM-480,3365.2,0.8978,1.0,1.7513,5291.01,8215.0,1
155,TOM-480,3368.97,0.922,1.0,0.85,2640.23,3080.0,0
156,TOM-480,3372.75,0.9474,1.0,1.0,3195.18,3464.0,0
157,TOM-480,3376.53,0.9735,1.0,1.0,3286.99,2710.0,0
158,TOM-480,3380.32,1.0,1.0,1.0,3380.32,3000.0,0
159,TOM-480,3384.11,1.0265,1.0,1.0,3473.85,3667.0,0
160,TOM-480,3387.9,1.0526,1.0,1.7936,6396.63,5930.0,1
161,TOM-480,3391.7,1.078,1.2,0.85,3729.42,3486.0,0
162,TOM-480,3395.5,1.1022,1.0,1.57,5876.11,4969.0,0
163,TOM-480,3399.31,1.125,1.0,0.85,3250.51,2951.0,0
164,TOM-480,3403.12,1.1459,1.0,1.0,3899.59,4542.0,0
165,TOM-480,3406.94,1.1647,1.0,1.0,3967.96,3898.0,0
166,TOM-480,3410.75,1.1811,1.0,1.0,4028.29,4365.0,0
167,TOM-480,3414.58,1.1948,1.0,1.0,4079.74,4010.0,0
168,TOM-480,3418.41,1.2057,1.0,1.4612,6022.27,6972.0,1
169,TOM-480,3422.24,1.2136,1.0,0.85,3530.27,3235.0,0
170,TOM-480,3426.08,1.2184,1.0,1.0,4174.32,5224.0,0
171,TOM-480,3429.92,1.22,1.0,1.0,4184.5,5318.0,0
172,TOM-480,3433.76,1.2184,1.0,1.0,4183.68,4054.0,0
173,TOM-480,3437.61,1.2136,1.0,1.0,4171.91,4796.0,0
174,TOM-480,3441.47,1.2057,1.0,1.0,4149.39,4003.0,0
175,TOM-480,3445.33,1.1948,1.0,1.0,4116.48,4068.0,0
176,TOM-480,3449.19,1.1811,1.0,1.0,4073.69,3912.0,0
177,TOM-480,3453.06,1.1647,1.0,1.0,4021.68,4188.0,0
178,TOM-480,3456.93,1.1459,1.0,1.0,3961.25,3644.0,0
179,TOM-480,3460.8,1.125,1.0,1.0,3893.32,3438.0,0
180,TOM-480,3464.68,1.1022,1.0,1.0,3818.91,3670.0,0
181,TOM-480,3468.57,1.078,1.0,1.0,3739.16,3804.0,0
182,TOM-480,3472.46,1.0526,1.0,1.0,3655.28,3623.0,0
1,TOM-3000,240.0,0.9735,1.0,1.0,233.64,204.0,0
2,TOM-3000,240.27,1.0,1.0,1.0,240.27,273.0,0
3,TOM-3000,240.54,1.0265,1.0,1.0,246.92,251.0,0
4,TOM-3000,240.81,1.0526,1.0,1.0,253.49,222.0,0
5,TOM-3000,241.08,1.078,1.2,1.0,311.86,288.0,0
6,TOM-3000,241.35,1.1022,1.0,1.0,266.02,242.0,0
7,TOM-3000,241.62,1.125,1.0,1.0,271.82,256.0,0
8,TOM-3000,241.89,1.1459,1.0,1.0,277.18,227.0,0
9,TOM-3000,242.16,1.1647,1.0,1.0,282.04,264.0,0
10,TOM-3000,242.43,1.1811,1.0,1.0,286.33,278.0,0
11,TOM-3000,242.7,1.1948,1.0,1.0,289.98,306.0,0
12,TOM-3000,242.98,1.2057,1.0,1.0,292.96,323.0,0
13,TOM-3000,243.25,1.2136,1.0,1.0,295.21,268.0,0
14,TOM-3000,243.52,1.2184,1.0,1.0,296.71,280.0,0
15,TOM-3000,243.79,1.22,1.0,1.0,297.43,266.0,0
16,TOM-3000,244.07,1.2184,1.0,1.0,297.37,291.0,0
17,TOM-3000,244.34,1.2136,1.0,1.0,296.53,219.0,0
18,TOM-3000,244.62,1.2057,1.0,1.0,294.93,390.0,0
19,TOM-3000,244.89,1.1948,1.0,1.0,292.59,337.0,0
20,TOM-3000,245.16,1.1811,1.0,1.0,289.55,272.0,0
21,TOM-3000,245.44,1.1647,1.0,1.0,285.86,282.0,0
22,TOM-3000,245.71,1.1459,1.0,1.0,281.56,229.0,0
23,TOM-3000,245.99,1.125,1.0,1.0,276.73,364.0,0
24,TOM-3000,246.27,1.1022,1.0,1.0,271.44,316.0,0
25,TOM-3000,246.54,1.078,1.0,1.0,265.78,237.0,0
26,TOM-3000,246.82,1.0526,1.0,1.0,259.81,253.0,0
27,TOM-3000,247.1,1.0265,1.0,1.0,253.65,251.0,0
28,TOM-3000,247.37,1.0,1.0,1.0,247.37,212.0,0
29,TOM-3000,247.65,0.9735,1.28,1.0,308.59,331.0,0
30,TOM-3000,247.93,0.9474,0.92,1.0,216.08,159.0,0
31,TOM-3000,248.21,0.922,1.0,1.0,228.84,247.0,0
32,TOM-3000,248.48,0.8978,1.0,1.0,223.08,208.0,0
33,TOM-3000,248.76,0.875,1.0,1.0,217.67,195.0,0
34,TOM-3000,249.04,0.8541,1.0,1.0,212.71,253.0,0
35,TOM-3000,249.32,0.8353,1.0,1.0,208.26,221.0,0
36,TOM-3000,249.6,0.8189,1.0,1.0,204.41,198.0,0
37,TOM-3000,249.88,0.8052,1.0,1.0,201.2,182.0,0
38,TOM-3000,250.16,0.7943,1.0,1.0,198.7,214.0,0
39,TOM-3000,250.44,0.7864,1.0,1.0,196.94,229.0,0
40,TOM-3000,250.72,0.7816,1.0,1.0,195.96,216.0,0
41,TOM-3000,251.0,0.78,1.0,1.0,195.78,193.0,0
42,TOM-3000,251.28,0.7816,1.0,1.0,196.4,220.0,0
43,TOM-3000,251.57,0.7864,1.0,1.0,197.83,163.0,0
44,TOM-3000,251.85,0.7943,1.0,1.0,200.04,179.0,0
45,TOM-3000,252.13,0.8052,1.0,1.0,203.01,253.0,0
46,TOM-3000,252.41,0.8189,1.0,1.0,206.71,175.0,0
47,TOM-3000,252.7,0.8353,1.0,1.0,211.08,202.0,0
48,TOM-3000,252.98,0.8541,1.0,1.0,216.07,289.0,1
49,TOM-3000,253.26,0.875,1.0,1.0,221.61,406.0,1
50,TOM-3000,253.55,0.8978,1.0,1.0,227.62,494.0,1
51,TOM-3000,253.83,0.922,1.0,1.0,234.03,197.0,0
52,TOM-3000,254.12,0.9474,1.0,1.0,240.74,228.0,0
53,TOM-3000,254.4,0.9735,1.0,1.0,247.65,244.0,0
54,TOM-3000,254.69,1.0,1.0,1.0,254.69,240.0,0
55,TOM-3000,254.97,1.0265,1.0,1.0,261.73,242.0,0
56,TOM-3000,255.26,1.0526,1.2,1.0,322.43,350.0,0
57,TOM-3000,255.54,1.078,1.0,1.0,275.48,346.0,0
58,TOM-3000,255.83,1.1022,1.0,1.0,281.99,313.0,0
59,TOM-3000,256.12,1.125,1.0,1.0,288.12,266.0,0
60,TOM-3000,256.4,1.1459,1.0,1.0,293.81,295.0,0
61,TOM-3000,256.69,1.1647,1.0,1.0,298.96,358.0,0
62,TOM-3000,256.98,1.1811,1.0,1.0,303.51,343.0,0
63,TOM-3000,257.27,1.1948,1.0,1.0,307.38,277.0,0
64,TOM-3000,257.56,1.2057,1.0,1.0,310.54,376.0,0
65,TOM-3000,257.84,1.2136,1.0,1.0,312.92,359.0,0
66,TOM-3000,258.13,1.2184,1.0,1.0,314.51,297.0,0
67,TOM-3000,258.42,1.22,1.0,1.0,315.28,334.0,0
68,TOM-3000,258.71,1.2184,1.0,1.0,315.21,437.0,1
69,TOM-3000,259.0,1.2136,1.0,1.0,314.33,312.0,0
70,TOM-3000,259.29,1.2057,1.0,1.0,312.63,402.0,0
71,TOM-3000,259.58,1.1948,1.0,1.0,310.15,282.0,0
72,TOM-3000,259.87,1.1811,1.0,1.0,306.93,325.0,0
73,TOM-3000,260.17,1.1647,1.0,1.0,303.01,272.0,0
74,TOM-3000,260.46,1.1459,1.0,1.0,298.45,315.0,0
75,TOM-3000,260.75,1.125,1.0,1.0,293.34,314.0,0
76,TOM-3000,261.04,1.1022,1.0,1.0,287.73,321.0,0
77,TOM-3000,261.33,1.078,1.0,1.0,281.72,289.0,0
78,TOM-3000,261.63,1.0526,1.0,1.0,275.4,268.0,0
79,TOM-3000,261.92,1.0265,1.0,1.0,268.87,276.0,0
80,TOM-3000,262.21,1.0,1.0,1.0,262.21,293.0,0
81,TOM-3000,262.51,0.9735,1.28,1.0,327.1,315.0,0
82,TOM-3000,262.8,0.9474,0.92,1.0,229.05,268.0,0
83,TOM-3000,263.1,0.922,1.0,1.0,242.57,213.0,0
84,TOM-3000,263.39,0.8978,1.0,1.0,236.46,227.0,0
85,TOM-3000,263.69,0.875,1.0,1.0,230.73,184.0,0
86,TOM-3000,263.98,0.8541,1.0,1.0,225.47,251.0,0
87,TOM-3000,264.28,0.8353,1.0,1.0,220.76,240.0,0
88,TOM-3000,264.58,0.8189,1.0,1.0,216.67,201.0,0
89,TOM-3000,264.87,0.8052,1.0,1.0,213.28,215.0,0
90,TOM-3000,265.17,0.7943,1.0,1.0,210.62,225.0,0
91,TOM-3000,265.47,0.7864,1.0,1.0,208.76,150.0,0
92,TOM-3000,265.76,0.7816,1.0,1.0,207.72,200.0,0
93,TOM-3000,266.06,0.78,1.0,1.0,207.53,191.0,0
94,TOM-3000,266.36,0.7816,1.0,1.0,208.19,217.0,0
95,TOM-3000,266.66,0.7864,1.0,1.0,209.7,228.0,0
96,TOM-3000,266.96,0.7943,1.0,1.0,212.04,195.0,0
97,TOM-3000,267.26,0.8052,1.0,1.0,215.2,208.0,0
98,TOM-3000,267.56,0.8189,1.0,1.0,219.11,221.0,0
99,TOM-3000,267.86,0.8353,1.0,1.0,223.75,207.0,0
100,TOM-3000,268.16,0.8541,1.0,1.0,229.04,214.0,1
101,TOM-3000,268.46,0.875,1.0,1.0,234.91,307.0,1
102,TOM-3000,268.76,0.8978,1.0,1.0,241.28,425.0,0
103,TOM-3000,269.06,0.922,1.0,1.0,248.07,263.0,0
104,TOM-3000,269.36,0.9474,1.0,1.0,255.18,284.0,0
105,TOM-3000,269.66,0.9735,1.0,1.0,262.51,298.0,0
106,TOM-3000,269.97,1.0,1.0,1.0,269.97,264.0,0
107,TOM-3000,270.27,1.0265,1.0,1.0,277.44,305.0,0
108,TOM-3000,270.57,1.0526,1.0,1.0,284.82,225.0,0
109,TOM-3000,270.88,1.078,1.0,1.0,292.01,221.0,0
110,TOM-3000,271.18,1.1022,1.0,1.0,298.9,337.0,0
111,TOM-3000,271.48,1.125,1.2,1.0,366.49,352.0,0
112,TOM-3000,271.79,1.1459,1.0,1.0,311.44,319.0,0
113,TOM-3000,272.09,1.1647,1.0,1.0,316.9,290.0,0
114,TOM-3000,272.4,1.1811,1.0,1.0,321.72,285.0,0
115,TOM-3000,272.7,1.1948,1.0,1.0,325.83,397.0,0
116,TOM-3000,273.01,1.2057,1.0,1.0,329.17,389.0,0
117,TOM-3000,273.31,1.2136,1.0,1.0,331.7,270.0,0
118,TOM-3000,273.62,1.2184,1.0,1.0,333.38,360.0,0
119,TOM-3000,273.93,1.22,1.0,1.0,334.19,349.0,0
120,TOM-3000,370.22,1.2184,1.0,1.0,451.07,514.0,0
121,TOM-3000,370.63,1.2136,1.0,1.0,449.8,490.0,0
122,TOM-3000,371.05,1.2057,1.0,1.0,447.37,508.0,0
123,TOM-3000,371.46,1.1948,1.0,1.0,443.83,469.0,0
124,TOM-3000,371.88,1.1811,1.0,1.0,439.21,468.0,0
125,TOM-3000,372.3,1.1647,1.0,1.0,433.6,530.0,0
126,TOM-3000,372.71,1.1459,1.0,1.0,427.09,451.0,0
127,TOM-3000,373.13,1.125,1.0,1.0,419.76,369.0,0
128,TOM-3000,373.55,1.1022,1.0,1.0,411.74,406.0,0
129,TOM-3000,373.97,1.078,1.0,1.0,403.14,405.0,0
130,TOM-3000,374.39,1.0526,1.0,1.0,394.1,448.0,0
131,TOM-3000,374.81,1.0265,1.0,1.0,384.75,364.0,0
132,TOM-3000,375.23,1.0,1.0,1.0,375.23,369.0,0
133,TOM-3000,375.65,0.9735,1.28,1.0,468.08,397.0,0
134,TOM-3000,376.07,0.9474,0.92,1.0,327.77,341.0,0
135,TOM-3000,376.49,0.922,1.0,1.0,347.12,420.0,0
136,TOM-3000,376.91,0.8978,1.0,1.0,338.38,343.0,0
137,TOM-3000,377.34,0.875,1.0,1.0,330.18,330.0,0
138,TOM-3000,377.76,0.8541,1.0,1.0,322.65,346.0,0
139,TOM-3000,378.18,0.8353,1.0,1.0,315.91,265.0,0
140,TOM-3000,378.61,0.8189,1.0,1.0,310.06,267.0,0
141,TOM-3000,379.03,0.8052,1.0,1.0,305.2,308.0,0
142,TOM-3000,379.46,0.7943,1.0,1.0,301.4,312.0,0
143,TOM-3000,379.88,0.7864,1.0,1.0,298.74,272.0,0
144,TOM-3000,380.31,0.7816,1.0,1.0,297.25,309.0,0
145,TOM-3000,380.73,0.78,1.0,1.0,296.97,373.0,0
146,TOM-3000,381.16,0.7816,1.0,1.0,297.92,303.0,0
147,TOM-3000,381.59,0.7864,1.0,1.0,300.08,267.0,0
148,TOM-3000,382.02,0.7943,1.0,1.0,303.43,383.0,0
149,TOM-3000,382.45,0.8052,1.0,1.0,307.94,287.0,0
150,TOM-3000,382.87,0.8189,1.0,1.0,313.55,308.0,0
151,TOM-3000,383.3,0.8353,1.0,1.0,320.18,297.0,0
152,TOM-3000,383.73,0.8541,1.0,1.0,327.75,284.0,1
153,TOM-3000,384.16,0.875,1.0,1.0,336.15,505.0,1
154,TOM-3000,384.59,0.8978,1.0,1.0,345.27,574.0,0
155,TOM-3000,385.03,0.922,1.0,1.0,354.99,303.0,0
156,TOM-3000,385.46,0.9474,1.0,1.0,365.16,376.0,0
157,TOM-3000,385.89,0.9735,1.0,1.0,375.66,390.0,0
158,TOM-3000,386.32,1.0,1.0,1.0,386.32,346.0,0
159,TOM-3000,386.75,1.0265,1.0,1.0,397.01,346.0,0
160,TOM-3000,387.19,1.0526,1.0,1.0,407.57,437.0,0
161,TOM-3000,387.62,1.078,1.2,1.0,501.43,456.0,0
162,TOM-3000,388.06,1.1022,1.0,1.0,427.73,356.0,0
163,TOM-3000,388.49,1.125,1.0,1.0,437.04,532.0,0
164,TOM-3000,388.93,1.1459,1.0,1.0,445.67,448.0,0
165,TOM-3000,389.36,1.1647,1.0,1.0,453.48,501.0,0
166,TOM-3000,389.8,1.1811,1.0,1.0,460.38,356.0,0
167,TOM-3000,390.24,1.1948,1.0,1.0,466.26,445.0,0
168,TOM-3000,390.68,1.2057,1.0,1.0,471.04,442.0,0
169,TOM-3000,391.11,1.2136,1.0,1.0,474.66,392.0,0
170,TOM-3000,391.55,1.2184,1.0,1.0,477.06,482.0,0
171,TOM-3000,391.99,1.22,1.0,1.0,478.23,452.0,0
172,TOM-3000,392.43,1.2184,1.0,1.0,478.14,432.0,0
173,TOM-3000,392.87,1.2136,1.0,1.0,476.79,448.0,0
174,TOM-3000,393.31,1.2057,1.0,1.0,474.22,421.0,0
175,TOM-3000,393.75,1.1948,1.0,1.0,470.45,490.0,0
176,TOM-3000,394.19,1.1811,1.0,1.0,465.56,449.0,0
177,TOM-3000,394.64,1.1647,1.0,1.0,459.62,516.0,0
178,TOM-3000,395.08,1.1459,1.0,1.0,452.71,509.0,0
179,TOM-3000,395.52,1.125,1.0,1.0,444.95,425.0,0
180,TOM-3000,395.96,1.1022,1.0,1.0,436.45,374.0,0
181,TOM-3000,396.41,1.078,1.0,1.0,427.33,481.0,0
182,TOM-3000,396.85,1.0526,1.0,1.0,417.75,474.0,0
1,POR-480,900.0,0.7156,1.0,1.0,644.01,626.0,0
2,POR-480,900.17,0.748,1.0,1.0,673.34,644.0,0
3,POR-480,900.34,0.7841,1.0,1.0,705.99,640.0,0
4,POR-480,900.52,0.8234,1.0,1.0,741.49,708.0,0
5,POR-480,900.69,0.8653,1.12,1.0,872.84,854.0,0
6,POR-480,900.86,0.9091,1.0,1.0,818.94,956.0,0
7,POR-480,901.03,0.9542,1.0,1.0,859.76,895.0,0
8,POR-480,901.21,1.0,1.0,1.4727,1327.2,1342.0,0
9,POR-480,901.38,1.0458,1.0,0.85,801.27,814.0,0
10,POR-480,901.55,1.0909,1.0,1.4969,1472.22,1805.0,1
11,POR-480,901.72,1.1347,1.0,0.85,869.75,855.0,0
12,POR-480,901.9,1.1766,1.0,1.0,1061.17,1082.0,0
13,POR-480,902.07,1.2159,1.0,1.0,1096.79,954.0,0
14,POR-480,902.24,1.252,1.0,1.4993,1693.63,1907.0,1
15,POR-480,902.41,1.2844,1.0,0.85,985.23,824.0,0
16,POR-480,902.59,1.3127,1.0,1.0,1184.86,1199.0,0
17,POR-480,902.76,1.3365,1.0,1.0,1206.51,1133.0,0
18,POR-480,902.93,1.3553,1.0,1.0,1223.75,1109.0,0
19,POR-480,903.11,1.369,1.0,1.0,1236.31,1100.0,0
20,POR-480,903.28,1.3772,1.0,1.0,1244.02,1731.0,1
21,POR-480,903.45,1.38,1.0,1.0,1246.76,1590.0,0
22,POR-480,903.62,1.3772,1.0,1.0,1244.5,1415.0,0
23,POR-480,903.8,1.369,1.0,1.0,1237.26,968.0,0
24,POR-480,903.97,1.3553,1.0,1.0,1225.16,1550.0,0
25,POR-480,904.14,1.3365,1.0,1.0,1208.36,1265.0,0
26,POR-480,904.32,1.3127,1.0,1.0,1187.13,1257.0,0
27,POR-480,904.49,1.2844,1.0,1.0,1161.76,1328.0,0
28,POR-480,904.66,1.252,1.0,1.0,1132.62,1037.0,0
29,POR-480,904.84,1.2159,1.28,1.0,1408.2,1544.0,0
30,POR-480,905.01,1.1766,0.92,1.0,979.64,835.0,0
31,POR-480,905.18,1.1347,1.0,1.6322,1676.53,1547.0,0
32,POR-480,905.35,1.0909,1.0,0.85,839.53,796.0,0
33,POR-480,905.53,1.0458,1.0,1.0,947.0,1033.0,0
34,POR-480,905.7,1.0,1.0,1.0,905.7,747.0,0
35,POR-480,905.87,0.9542,1.0,1.0,864.38,821.0,0
36,POR-480,906.05,0.9091,1.0,1.0,823.65,817.0,0
37,POR-480,906.22,0.8653,1.0,1.0,784.11,1000.0,0
38,POR-480,906.39,0.8234,1.0,1.0,746.33,725.0,0
39,POR-480,906.57,0.7841,1.0,1.0,710.87,700.0,0
40,POR-480,906.74,0.748,1.0,1.0,678.25,505.0,0
41,POR-480,906.92,0.7156,1.0,1.0,648.96,586.0,0
42,POR-480,907.09,0.6873,1.0,1.0,623.41,593.0,0
43,POR-480,907.26,0.6635,1.0,1.0,601.99,696.0,0
44,POR-480,907.44,0.6447,1.0,1.0,585.02,687.0,0
45,POR-480,907.61,0.631,1.0,1.0,572.74,652.0,0
46,POR-480,907.78,0.6228,1.0,1.0,565.34,626.0,0
47,POR-480,907.96,0.62,1.0,1.0,562.93,443.0,0
48,POR-480,908.13,0.6228,1.0,1.0,565.56,704.0,1
49,POR-480,908.3,0.631,1.0,1.0,573.18,913.0,1
50,POR-480,908.48,0.6447,1.0,1.0,585.69,1083.0,0
51,POR-480,908.65,0.6635,1.0,1.0,602.91,574.0,0
52,POR-480,908.83,0.6873,1.0,1.0,624.61,584.0,0
53,POR-480,909.0,0.7156,1.0,1.0,650.45,563.0,0
54,POR-480,909.17,0.748,1.0,1.0,680.07,629.0,0
55,POR-480,909.35,0.7841,1.0,1.0,713.05,706.0,0
56,POR-480,909.52,0.8234,1.12,1.0,838.77,774.0,0
57,POR-480,909.7,0.8653,1.0,1.0,787.11,638.0,0
58,POR-480,909.87,0.9091,1.0,1.6245,1343.64,1113.0,0
59,POR-480,910.04,0.9542,1.0,0.85,738.11,811.0,0
60,POR-480,910.22,1.0,1.0,1.0,910.22,849.0,0
61,POR-480,910.39,1.0458,1.0,1.0,952.09,922.0,0
62,POR-480,910.57,1.0909,1.0,1.0,993.37,1159.0,0
63,POR-480,910.74,1.1347,1.0,1.0,1033.46,1062.0,0
64,POR-480,910.92,1.1766,1.0,1.0,1071.78,877.0,0
65,POR-480,911.09,1.2159,1.0,1.0,1107.76,980.0,0
66,POR-480,911.26,1.252,1.0,1.0,1140.89,1145.0,0
67,POR-480,911.44,1.2844,1.0,1.0,1170.68,1373.0,0
68,POR-480,911.61,1.3127,1.0,1.0,1196.71,1163.0,0
69,POR-480,911.79,1.3365,1.0,1.0,1218.58,1145.0,0
70,POR-480,911.96,1.3553,1.0,1.0,1235.99,1226.0,0
71,POR-480,912.14,1.369,1.0,1.0,1248.68,1258.0,0
72,POR-480,912.31,1.3772,1.0,1.0,1256.46,1195.0,0
73,POR-480,912.49,1.38,1.0,1.4884,1874.29,2246.0,1
74,POR-480,912.66,1.3772,1.0,0.85,1068.4,1040.0,0
75,POR-480,912.83,1.369,1.0,1.0,1249.63,978.0,0
76,POR-480,913.01,1.3553,1.0,1.0,1237.41,1066.0,0
77,POR-480,913.18,1.3365,1.0,1.0,1220.45,1113.0,0
78,POR-480,913.36,1.3127,1.0,1.0,1199.0,1139.0,0
79,POR-480,913.53,1.2844,1.0,1.0,1173.37,1259.0,0
80,POR-480,913.71,1.252,1.0,1.0,1143.95,1515.0,0
81,POR-480,913.88,1.2159,1.28,1.0,1422.28,1846.0,1
82,POR-480,914.06,1.1766,0.92,1.6317,1614.43,1851.0,1
83,POR-480,914.23,1.1347,1.0,0.85,881.81,887.0,0
84,POR-480,914.41,1.0909,1.0,1.0,997.56,1055.0,0
85,POR-480,914.58,1.0458,1.0,1.0,956.47,970.0,0
86,POR-480,914.76,1.0,1.0,1.0,914.76,795.0,0
87,POR-480,914.93,0.9542,1.0,1.0,873.03,867.0,0
88,POR-480,915.11,0.9091,1.0,1.0,831.89,868.0,0
89,POR-480,915.28,0.8653,1.0,1.0,791.95,814.0,0
90,POR-480,915.46,0.8234,1.0,1.0,753.79,858.0,0
91,POR-480,915.63,0.7841,1.0,1.0,717.98,716.0,0
92,POR-480,915.81,0.748,1.0,1.0,685.04,741.0,0
93,POR-480,915.98,0.7156,1.0,1.0,655.45,452.0,0
94,POR-480,916.16,0.6873,1.0,1.0,629.65,599.0,0
95,POR-480,916.33,0.6635,1.0,1.6959,1031.16,888.0,0
96,POR-480,916.51,0.6447,1.0,0.85,502.24,442.0,0
97,POR-480,916.69,0.631,1.0,1.0,578.47,562.0,0
98,POR-480,916.86,0.6228,1.0,1.0,570.99,469.0,0
99,POR-480,917.04,0.62,1.0,1.0,568.56,467.0,0
100,POR-480,917.21,0.6228,1.0,1.0,571.21,554.0,1
101,POR-480,917.39,0.631,1.0,1.0,578.91,857.0,1
102,POR-480,917.56,0.6447,1.0,1.0,591.55,997.0,0
103,POR-480,917.74,0.6635,1.0,1.0,608.94,623.0,0
104,POR-480,917.91,0.6873,1.0,1.7887,1128.4,944.0,0
105,POR-480,918.09,0.7156,1.0,0.85,558.41,446.0,0
106,POR-480,918.27,0.748,1.0,1.0,686.88,569.0,0
107,POR-480,918.44,0.7841,1.0,1.8339,1320.76,1228.0,0
108,POR-480,918.62,0.8234,1.0,0.85,642.94,528.0,0
109,POR-480,918.79,0.8653,1.0,1.0,794.99,572.0,0
110,POR-480,918.97,0.9091,1.0,1.0,835.4,994.0,0
111,POR-480,919.14,0.9542,1.12,1.0,982.29,971.0,0
112,POR-480,919.32,1.0,1.0,1.0,919.32,984.0,0
113,POR-480,919.5,1.0458,1.0,1.0,961.61,1061.0,0
114,POR-480,919.67,1.0909,1.0,1.0,1003.31,1011.0,0
115,POR-480,919.85,1.1347,1.0,1.0,1043.8,1116.0,0
116,POR-480,920.02,1.1766,1.0,1.0,1082.5,1312.0,0
117,POR-480,920.2,1.2159,1.0,1.0,1118.84,982.0,0
118,POR-480,920.38,1.252,1.0,1.0,1152.3,929.0,0
119,POR-480,920.55,1.2844,1.0,1.8223,2154.68,2070.0,1
120,POR-480,920.73,1.3127,1.0,0.85,1027.37,842.0,0
121,POR-480,920.91,1.3365,1.0,1.0,1230.77,1170.0,0
122,POR-480,921.08,1.3553,1.0,1.0,1248.35,1303.0,0
123,POR-480,921.26,1.369,1.0,1.0,1261.16,1251.0,0
124,POR-480,921.43,1.3772,1.0,1.0,1269.03,1444.0,0
125,POR-480,921.61,1.38,1.0,1.0,1271.82,1045.0,0
126,POR-480,921.79,1.3772,1.0,1.0,1269.51,1315.0,0
127,POR-480,921.96,1.369,1.0,1.0,1262.13,950.0,0
128,POR-480,922.14,1.3553,1.0,1.0,1249.78,1089.0,0
129,POR-480,922.32,1.3365,1.0,1.0,1232.65,1288.0,0
130,POR-480,922.49,1.3127,1.0,1.0,1210.99,953.0,0
131,POR-480,922.67,1.2844,1.0,1.0,1185.11,941.0,0
132,POR-480,922.85,1.252,1.0,1.0,1155.39,1124.0,0
133,POR-480,923.02,1.2159,1.28,1.0,1436.51,1324.0,0
134,POR-480,923.2,1.1766,0.92,1.0,999.33,966.0,0
135,POR-480,923.38,1.1347,1.0,1.6001,1676.61,1141.0,0
136,POR-480,923.55,1.0909,1.0,0.85,856.41,880.0,0
137,POR-480,923.73,1.0458,1.0,1.0,966.04,834.0,0
138,POR-480,923.91,1.0,1.0,1.0,923.91,786.0,0
139,POR-480,924.08,0.9542,1.0,1.0,881.76,799.0,0
140,POR-480,924.26,0.9091,1.0,1.0,840.21,524.0,0
141,POR-480,924.44,0.8653,1.0,1.4539,1162.91,1080.0,0
142,POR-480,924.61,0.8234,1.0,0.85,647.13,561.0,0
143,POR-480,924.79,0.7841,1.0,1.6011,1161.04,1258.0,0
144,POR-480,924.97,0.748,1.0,0.85,588.1,575.0,0
145,POR-480,925.14,0.7156,1.0,1.0,662.0,618.0,0
146,POR-480,925.32,0.6873,1.0,1.0,635.94,606.0,0
147,POR-480,925.5,0.6635,1.0,1.0,614.09,678.0,0
148,POR-480,925.68,0.6447,1.0,1.8353,1095.25,1193.0,0
149,POR-480,925.85,0.631,1.0,0.85,496.61,511.0,0
150,POR-480,926.03,0.6228,1.0,1.5386,887.33,1116.0,0
151,POR-480,926.21,0.62,1.0,0.85,488.11,396.0,0
152,POR-480,926.38,0.6228,1.0,1.0,576.92,559.0,1
153,POR-480,926.56,0.631,1.0,1.0,584.7,902.0,1
154,POR-480,926.74,0.6447,1.0,1.0,597.46,1247.0,0
155,POR-480,926.92,0.6635,1.0,1.0,615.03,632.0,0
156,POR-480,927.09,0.6873,1.0,1.0,637.16,598.0,0
157,POR-480,927.27,0.7156,1.0,1.0,663.52,615.0,0
158,POR-480,927.45,0.748,1.0,1.0,693.74,818.0,0
159,POR-480,927.63,0.7841,1.0,1.0,727.38,760.0,0
160,POR-480,927.8,0.8234,1.0,1.0,763.96,1033.0,0
161,POR-480,927.98,0.8653,1.12,1.0,899.29,933.0,0
162,POR-480,928.16,0.9091,1.0,1.0,843.75,799.0,0
163,POR-480,928.34,0.9542,1.0,1.0,885.81,879.0,0
164,POR-480,928.51,1.0,1.0,1.8512,1718.86,1569.0,0
165,POR-480,928.69,1.0458,1.0,0.85,825.54,803.0,0
166,POR-480,928.87,1.0909,1.0,1.0,1013.34,1223.0,0
167,POR-480,929.05,1.1347,1.0,1.0,1054.24,982.0,0
168,POR-480,929.22,1.1766,1.0,1.0,1093.32,1039.0,0
169,POR-480,929.4,1.2159,1.0,1.0,1130.03,1245.0,0
170,POR-480,929.58,1.252,1.0,1.0,1163.82,1242.0,0
171,POR-480,929.76,1.2844,1.0,1.8386,2195.68,2464.0,1
172,POR-480,929.94,1.3127,1.0,0.85,1037.64,1118.0,0
173,POR-480,930.11,1.3365,1.0,1.0,1243.07,1195.0,0
174,POR-480,930.29,1.3553,1.0,1.0,1260.83,1431.0,0
175,POR-480,930.47,1.369,1.0,1.0,1273.77,1405.0,0
176,POR-480,930.65,1.3772,1.0,1.0,1281.72,1086.0,0
177,POR-480,930.83,1.38,1.0,1.0,1284.54,1098.0,0
178,POR-480,931.0,1.3772,1.0,1.0,1282.21,1467.0,0
179,POR-480,931.18,1.369,1.0,1.0,1274.75,1279.0,0
180,POR-480,931.36,1.3553,1.0,1.0,1262.28,1410.0,0
181,POR-480,931.54,1.3365,1.0,1.0,1244.98,1075.0,0
182,POR-480,931.72,1.3127,1.0,1.0,1223.1,1047.0,0
1,POR-3000,95.0,0.7156,1.0,1.0,67.98,0.0,0
2,POR-3000,95.02,0.748,1.0,1.0,71.07,65.0,0
3,POR-3000,95.04,0.7841,1.0,1.0,74.52,0.0,0
4,POR-3000,95.05,0.8234,1.0,1.0,78.27,0.0,0
5,POR-3000,95.07,0.8653,1.12,1.0,92.13,85.0,0
6,POR-3000,95.09,0.9091,1.0,1.0,86.44,0.0,0
7,POR-3000,95.11,0.9542,1.0,1.0,90.75,260.0,1
8,POR-3000,95.13,1.0,1.0,1.0,95.13,75.0,0
9,POR-3000,95.15,1.0458,1.0,1.0,99.5,110.0,0
10,POR-3000,95.16,1.0909,1.0,1.0,103.82,0.0,0
11,POR-3000,95.18,1.1347,1.0,1.0,108.01,0.0,0
12,POR-3000,95.2,1.1766,1.0,1.0,112.01,100.0,0
13,POR-3000,95.22,1.2159,1.0,1.0,115.77,105.0,0
14,POR-3000,95.24,1.252,1.0,1.0,119.23,0.0,0
15,POR-3000,95.25,1.2844,1.0,1.0,122.35,110.0,0
16,POR-3000,95.27,1.3127,1.0,1.0,125.07,125.0,0
17,POR-3000,95.29,1.3365,1.0,1.0,127.35,125.0,0
18,POR-3000,95.31,1.3553,1.0,1.0,129.17,125.0,0
19,POR-3000,95.33,1.369,1.0,1.0,130.5,0.0,0
20,POR-3000,95.35,1.3772,1.0,1.0,131.31,120.0,0
21,POR-3000,95.36,1.38,1.0,1.0,131.6,115.0,0
22,POR-3000,95.38,1.3772,1.0,1.0,131.36,0.0,0
23,POR-3000,95.4,1.369,1.0,1.0,130.6,500.0,1
24,POR-3000,95.42,1.3553,1.0,1.0,129.32,425.0,1
25,POR-3000,95.44,1.3365,1.0,1.0,127.55,0.0,0
26,POR-3000,95.46,1.3127,1.0,1.0,125.31,130.0,0
27,POR-3000,95.47,1.2844,1.0,1.0,122.63,120.0,0
28,POR-3000,95.49,1.252,1.0,1.0,119.55,0.0,0
29,POR-3000,95.51,1.2159,1.28,1.0,148.64,670.0,1
30,POR-3000,95.53,1.1766,0.92,1.0,103.41,90.0,0
31,POR-3000,95.55,1.1347,1.0,1.0,108.42,100.0,0
32,POR-3000,95.57,1.0909,1.0,1.0,104.26,95.0,0
33,POR-3000,95.58,1.0458,1.0,1.0,99.96,0.0,0
34,POR-3000,95.6,1.0,1.0,1.0,95.6,95.0,0
35,POR-3000,95.62,0.9542,1.0,1.0,91.24,105.0,0
36,POR-3000,95.64,0.9091,1.0,1.0,86.94,75.0,0
37,POR-3000,95.66,0.8653,1.0,1.0,82.77,80.0,0
38,POR-3000,95.67,0.8234,1.0,1.0,78.78,0.0,0
39,POR-3000,95.69,0.7841,1.0,1.0,75.04,75.0,0
40,POR-3000,95.71,0.748,1.0,1.0,71.59,65.0,0
41,POR-3000,95.73,0.7156,1.0,1.0,68.5,0.0,0
42,POR-3000,95.75,0.6873,1.0,1.0,65.8,60.0,0
43,POR-3000,95.77,0.6635,1.0,1.0,63.54,60.0,0
44,POR-3000,95.78,0.6447,1.0,1.0,61.75,55.0,0
45,POR-3000,95.8,0.631,1.0,1.0,60.46,0.0,0
46,POR-3000,95.82,0.6228,1.0,1.0,59.67,55.0,0
47,POR-3000,95.84,0.62,1.0,1.0,59.42,0.0,0
48,POR-3000,95.86,0.6228,1.0,1.0,59.7,0.0,0
49,POR-3000,95.88,0.631,1.0,1.0,60.5,240.0,1
50,POR-3000,95.89,0.6447,1.0,1.0,61.82,224.0,1
51,POR-3000,95.91,0.6635,1.0,1.0,63.64,0.0,0
52,POR-3000,95.93,0.6873,1.0,1.0,65.93,60.0,0
53,POR-3000,95.95,0.7156,1.0,1.0,68.66,80.0,0
54,POR-3000,95.97,0.748,1.0,1.0,71.79,65.0,0
55,POR-3000,95.99,0.7841,1.0,1.0,75.27,100.0,0
56,POR-3000,96.01,0.8234,1.12,1.0,88.54,90.0,0
57,POR-3000,96.02,0.8653,1.0,1.0,83.08,0.0,0
58,POR-3000,96.04,0.9091,1.0,1.0,87.31,0.0,0
59,POR-3000,96.06,0.9542,1.0,1.0,91.66,0.0,0
60,POR-3000,96.08,1.0,1.0,1.0,96.08,95.0,0
61,POR-3000,96.1,1.0458,1.0,1.0,100.5,100.0,0
62,POR-3000,96.12,1.0909,1.0,1.0,104.86,100.0,0
63,POR-3000,96.13,1.1347,1.0,1.0,109.09,315.0,1
64,POR-3000,96.15,1.1766,1.0,1.0,113.13,115.0,0
65,POR-3000,96.17,1.2159,1.0,1.0,116.93,0.0,0
66,POR-3000,96.19,1.252,1.0,1.0,120.43,0.0,0
67,POR-3000,96.21,1.2844,1.0,1.0,123.57,145.0,0
68,POR-3000,96.23,1.3127,1.0,1.0,126.32,415.0,1
69,POR-3000,96.24,1.3365,1.0,1.0,128.63,0.0,0
70,POR-3000,96.26,1.3553,1.0,1.0,130.47,465.0,1
71,POR-3000,96.28,1.369,1.0,1.0,131.8,140.0,0
72,POR-3000,96.3,1.3772,1.0,1.0,132.63,115.0,0
73,POR-3000,96.32,1.38,1.0,1.0,132.92,135.0,0
74,POR-3000,96.34,1.3772,1.0,1.0,132.68,595.0,1
75,POR-3000,96.35,1.369,1.0,1.0,131.91,0.0,0
76,POR-3000,96.37,1.3553,1.0,1.0,130.62,155.0,0
77,POR-3000,96.39,1.3365,1.0,1.0,128.82,0.0,0
78,POR-3000,96.41,1.3127,1.0,1.0,126.56,120.0,0
79,POR-3000,96.43,1.2844,1.0,1.0,123.86,125.0,0
80,POR-3000,96.45,1.252,1.0,1.0,120.75,390.0,1
81,POR-3000,96.47,1.2159,1.28,1.0,150.13,165.0,0
82,POR-3000,96.48,1.1766,0.92,1.0,104.44,0.0,0
83,POR-3000,96.5,1.1347,1.0,1.0,109.51,0.0,0
84,POR-3000,96.52,1.0909,1.0,1.0,105.3,95.0,0
85,POR-3000,96.54,1.0458,1.0,1.0,100.96,100.0,0
86,POR-3000,96.56,1.0,1.0,1.0,96.56,85.0,0
87,POR-3000,96.58,0.9542,1.0,1.0,92.15,85.0,0
88,POR-3000,96.59,0.9091,1.0,1.0,87.81,75.0,0
89,POR-3000,96.61,0.8653,1.0,1.0,83.59,90.0,0
90,POR-3000,96.63,0.8234,1.0,1.0,79.57,80.0,0
91,POR-3000,96.65,0.7841,1.0,1.0,75.79,80.0,0
92,POR-3000,96.67,0.748,1.0,1.0,72.31,0.0,0
93,POR-3000,96.69,0.7156,1.0,1.0,69.19,55.0,0
94,POR-3000,96.71,0.6873,1.0,1.0,66.46,215.0,1
95,POR-3000,96.72,0.6635,1.0,1.0,64.18,145.0,0
96,POR-3000,96.74,0.6447,1.0,1.0,62.37,0.0,0
97,POR-3000,96.76,0.631,1.0,1.0,61.06,0.0,0
98,POR-3000,96.78,0.6228,1.0,1.0,60.27,0.0,0
99,POR-3000,96.8,0.62,1.0,1.0,60.01,210.0,1
100,POR-3000,96.82,0.6228,1.0,1.0,60.29,0.0,0
101,POR-3000,96.84,0.631,1.0,1.0,61.11,0.0,0
102,POR-3000,96.85,0.6447,1.0,1.0,62.44,65.0,0
103,POR-3000,96.87,0.6635,1.0,1.0,64.28,0.0,0
104,POR-3000,96.89,0.6873,1.0,1.0,66.59,0.0,0
105,POR-3000,96.91,0.7156,1.0,1.0,69.35,0.0,0
106,POR-3000,96.93,0.748,1.0,1.0,72.5,0.0,0
107,POR-3000,96.95,0.7841,1.0,1.0,76.02,0.0,0
108,POR-3000,96.97,0.8234,1.0,1.0,79.84,315.0,1
109,POR-3000,96.98,0.8653,1.0,1.0,83.92,270.0,1
110,POR-3000,97.0,0.9091,1.0,1.0,88.18,0.0,0
111,POR-3000,97.02,0.9542,1.12,1.0,103.69,0.0,0
112,POR-3000,97.04,1.0,1.0,1.0,97.04,105.0,0
113,POR-3000,97.06,1.0458,1.0,1.0,101.5,0.0,0
114,POR-3000,97.08,1.0909,1.0,1.0,105.9,305.0,1
115,POR-3000,97.1,1.1347,1.0,1.0,110.18,0.0,0
116,POR-3000,97.11,1.1766,1.0,1.0,114.26,130.0,0
117,POR-3000,97.13,1.2159,1.0,1.0,118.1,90.0,0
118,POR-3000,97.15,1.252,1.0,1.0,121.63,110.0,0
119,POR-3000,97.17,1.2844,1.0,1.0,124.81,90.0,0
120,POR-3000,97.19,1.3127,1.0,1.0,127.58,135.0,0
121,POR-3000,97.21,1.3365,1.0,1.0,129.91,0.0,0
122,POR-3000,97.23,1.3553,1.0,1.0,131.77,460.0,1
123,POR-3000,97.24,1.369,1.0,1.0,133.12,0.0,0
124,POR-3000,97.26,1.3772,1.0,1.0,133.95,555.0,1
125,POR-3000,97.28,1.38,1.0,1.0,134.25,135.0,0
126,POR-3000,97.3,1.3772,1.0,1.0,134.0,120.0,0
127,POR-3000,97.32,1.369,1.0,1.0,133.22,135.0,0
128,POR-3000,97.34,1.3553,1.0,1.0,131.92,0.0,0
129,POR-3000,97.36,1.3365,1.0,1.0,130.11,120.0,0
130,POR-3000,97.37,1.3127,1.0,1.0,127.83,130.0,0
131,POR-3000,97.39,1.2844,1.0,1.0,125.09,0.0,0
132,POR-3000,97.41,1.252,1.0,1.0,121.96,345.0,1
133,POR-3000,97.43,1.2159,1.28,1.0,151.63,150.0,0
134,POR-3000,97.45,1.1766,0.92,1.0,105.49,480.0,1
135,POR-3000,97.47,1.1347,1.0,1.0,110.6,330.0,1
136,POR-3000,97.49,1.0909,1.0,1.0,106.35,0.0,0
137,POR-3000,97.5,1.0458,1.0,1.0,101.97,85.0,0
138,POR-3000,97.52,1.0,1.0,1.0,97.52,0.0,0
139,POR-3000,97.54,0.9542,1.0,1.0,93.07,180.0,1
140,POR-3000,97.56,0.9091,1.0,1.0,88.69,110.0,0
141,POR-3000,97.58,0.8653,1.0,1.0,84.43,0.0,0
142,POR-3000,97.6,0.8234,1.0,1.0,80.36,80.0,0
143,POR-3000,97.62,0.7841,1.0,1.0,76.54,0.0,0
144,POR-3000,97.64,0.748,1.0,1.0,73.03,75.0,0
145,POR-3000,97.65,0.7156,1.0,1.0,69.88,150.0,0
146,POR-3000,97.67,0.6873,1.0,1.0,67.13,0.0,0
147,POR-3000,97.69,0.6635,1.0,1.0,64.82,0.0,0
148,POR-3000,97.71,0.6447,1.0,1.0,62.99,85.0,0
149,POR-3000,97.73,0.631,1.0,1.0,61.67,0.0,0
150,POR-3000,97.75,0.6228,1.0,1.0,60.87,0.0,0
151,POR-3000,97.77,0.62,1.0,1.0,60.62,55.0,0
152,POR-3000,97.78,0.6228,1.0,1.0,60.9,55.0,1
153,POR-3000,97.8,0.631,1.0,1.0,61.72,93.0,1
154,POR-3000,97.82,0.6447,1.0,1.0,63.07,291.0,1
155,POR-3000,97.84,0.6635,1.0,1.0,64.92,310.0,1
156,POR-3000,97.86,0.6873,1.0,1.0,67.26,70.0,0
157,POR-3000,97.88,0.7156,1.0,1.0,70.04,65.0,0
158,POR-3000,97.9,0.748,1.0,1.0,73.23,225.0,1
159,POR-3000,97.92,0.7841,1.0,1.0,76.78,65.0,0
160,POR-3000,97.93,0.8234,1.0,1.0,80.64,245.0,1
161,POR-3000,97.95,0.8653,1.12,1.0,94.92,0.0,0
162,POR-3000,97.97,0.9091,1.0,1.0,89.06,75.0,0
163,POR-3000,97.99,0.9542,1.0,1.0,93.5,80.0,0
164,POR-3000,98.01,1.0,1.0,1.0,98.01,405.0,1
165,POR-3000,98.03,1.0458,1.0,1.0,102.52,0.0,0
166,POR-3000,98.05,1.0909,1.0,1.0,106.96,300.0,1
167,POR-3000,98.07,1.1347,1.0,1.0,111.28,0.0,0
168,POR-3000,98.08,1.1766,1.0,1.0,115.41,0.0,0
169,POR-3000,98.1,1.2159,1.0,1.0,119.28,110.0,0
170,POR-3000,98.12,1.252,1.0,1.0,122.85,120.0,0
171,POR-3000,98.14,1.2844,1.0,1.0,126.06,125.0,0
172,POR-3000,98.16,1.3127,1.0,1.0,128.86,0.0,0
173,POR-3000,98.18,1.3365,1.0,1.0,131.21,130.0,0
174,POR-3000,98.2,1.3553,1.0,1.0,133.09,435.0,1
175,POR-3000,98.22,1.369,1.0,1.0,134.45,0.0,0
176,POR-3000,98.24,1.3772,1.0,1.0,135.29,140.0,0
177,POR-3000,98.25,1.38,1.0,1.0,135.59,0.0,0
178,POR-3000,98.27,1.3772,1.0,1.0,135.34,120.0,0
179,POR-3000,98.29,1.369,1.0,1.0,134.56,395.0,1
180,POR-3000,98.31,1.3553,1.0,1.0,133.24,0.0,0
181,POR-3000,98.33,1.3365,1.0,1.0,131.41,0.0,0
182,POR-3000,98.35,1.3127,1.0,1.0,129.1,115.0,0
